"species","year","julian","lat","lon"
"Protea acaulos",1933,350,-33.875,19.375
"Protea acaulos",1961,355,-34.375,19.125
"Protea acaulos",1961,355,-34.375,19.625
"Protea acaulos",1947,306,-33.875,19.125
"Protea acaulos",1951,307,-32.625,18.875
"Protea acaulos",1954,318,-34.625,19.375
"Protea acaulos",1958,308,-33.625,19.125
"Protea acaulos",1972,310,-32.875,19.125
"Protea acaulos",1972,321,-34.625,19.875
"Protea acaulos",1974,307,-33.125,19.375
"Protea acaulos",1977,319,-33.125,19.125
"Protea acaulos",1989,313,-33.875,18.875
"Protea acaulos",1993,328,-34.875,19.875
"Protea acaulos",1999,308,-32.375,18.875
"Protea acaulos",1923,295,-32.375,19.375
"Protea acaulos",1923,284,-32.375,19.125
"Protea acaulos",1928,297,-33.875,18.875
"Protea acaulos",1940,277,-32.625,19.125
"Protea acaulos",1943,292,-33.875,19.125
"Protea acaulos",1949,288,-33.625,19.125
"Protea acaulos",1952,277,-33.875,18.875
"Protea acaulos",1952,279,-32.375,19.125
"Protea acaulos",1953,285,-32.125,18.875
"Protea acaulos",1955,283,-34.375,19.625
"Protea acaulos",1956,280,-33.375,19.125
"Protea acaulos",1963,286,-32.875,18.875
"Protea acaulos",1965,292,-32.125,18.875
"Protea acaulos",1966,297,-33.125,19.375
"Protea acaulos",1974,283,-34.375,19.125
"Protea acaulos",1975,298,-33.125,19.375
"Protea acaulos",1977,292,-33.875,19.375
"Protea acaulos",1983,288,-32.375,19.125
"Protea acaulos",1994,285,-34.125,18.875
"Protea acaulos",1911,268,-32.625,19.125
"Protea acaulos",1926,246,-33.625,18.875
"Protea acaulos",1928,265,-34.125,18.875
"Protea acaulos",1929,250,-32.625,18.875
"Protea acaulos",1935,271,-33.875,19.125
"Protea acaulos",1936,270,-32.625,19.125
"Protea acaulos",1937,268,-32.125,19.125
"Protea acaulos",1937,266,-32.125,19.125
"Protea acaulos",1937,267,-32.375,19.125
"Protea acaulos",1938,244,-34.125,18.375
"Protea acaulos",1940,273,-32.125,18.875
"Protea acaulos",1941,249,-34.125,18.375
"Protea acaulos",1945,252,-34.375,19.875
"Protea acaulos",1945,260,-33.875,18.875
"Protea acaulos",1946,265,-34.125,19.125
"Protea acaulos",1948,249,-32.625,19.125
"Protea acaulos",1949,263,-34.125,18.375
"Protea acaulos",1950,256,-33.375,19.125
"Protea acaulos",1950,253,-32.875,18.875
"Protea acaulos",1951,255,-32.625,18.875
"Protea acaulos",1953,268,-34.625,19.875
"Protea acaulos",1953,266,-33.625,24.125
"Protea acaulos",1954,261,-34.125,19.125
"Protea acaulos",1954,244,-33.625,19.125
"Protea acaulos",1958,271,-33.125,19.375
"Protea acaulos",1958,252,-32.125,18.875
"Protea acaulos",1958,264,-33.875,18.375
"Protea acaulos",1963,244,-32.375,19.125
"Protea acaulos",1963,245,-33.875,19.625
"Protea acaulos",1963,250,-33.875,18.875
"Protea acaulos",1965,252,-32.875,19.125
"Protea acaulos",1965,251,-32.875,18.875
"Protea acaulos",1968,273,-34.625,19.375
"Protea acaulos",1971,257,-33.875,19.125
"Protea acaulos",1972,250,-34.125,18.875
"Protea acaulos",1972,250,-32.375,19.125
"Protea acaulos",1979,249,-33.625,18.625
"Protea acaulos",1980,257,-33.875,18.625
"Protea acaulos",1982,245,-32.375,19.125
"Protea acaulos",1983,263,-33.625,19.125
"Protea acaulos",1993,247,-34.125,19.125
"Protea acaulos",1917,218,-34.125,18.375
"Protea acaulos",1936,226,-33.875,18.875
"Protea acaulos",1940,239,-34.125,19.375
"Protea acaulos",1946,242,-33.625,19.375
"Protea acaulos",1946,236,-34.625,19.375
"Protea acaulos",1953,228,-34.125,19.125
"Protea acaulos",1961,231,-33.875,19.125
"Protea acaulos",1964,238,-34.125,18.875
"Protea acaulos",1965,229,-33.625,19.125
"Protea acaulos",1965,222,-33.625,19.125
"Protea acaulos",1965,230,-32.875,18.875
"Protea acaulos",1966,219,-33.375,18.625
"Protea acaulos",1969,227,-34.375,19.125
"Protea acaulos",1971,237,-33.625,18.625
"Protea acaulos",1973,234,-32.375,19.125
"Protea acaulos",1973,227,-32.375,19.125
"Protea acaulos",1973,224,-32.375,19.125
"Protea acaulos",1974,223,-33.875,19.125
"Protea acaulos",1979,241,-33.875,19.125
"Protea acaulos",1959,211,-34.125,19.375
"Protea acaulos",1962,198,-33.625,19.125
"Protea acaulos",1973,205,-34.375,19.375
"Protea acaulos",1943,161,-34.125,18.875
"Protea acaulos",1954,156,-34.125,19.125
"Protea acaulos",1960,161,-32.875,18.625
"Protea acaulos",1960,161,-33.875,18.875
"Protea acaulos",1961,157,-33.875,18.875
"Protea acaulos",1964,180,-34.125,18.375
"Protea acaulos",1966,174,-34.125,19.875
"Protea acaulos",1972,181,-34.125,19.125
"Protea acaulos",1977,144,-33.875,18.875
"Protea acaulos",1959,104,-33.875,18.875
"Protea acaulos",1971,97,-34.125,19.125
"Protea acaulos",1978,104,-32.375,19.125
"Protea acaulos",1970,85,-34.375,18.875
"Protea acaulos",1978,76,-34.625,19.625
"Protea acaulos",1978,76,-34.875,19.625
"Protea acaulos",1988,83,-32.375,19.125
"Protea acaulos",1968,41,-33.125,19.375
"Protea acaulos",1977,33,-32.375,19.125
"Protea acaulos",1978,33,-33.875,18.875
"Protea acaulos",1980,46,-32.625,19.125
"Protea acaulos",1972,25,-33.625,19.375
"Protea burchellii",1952,317,-34.375,18.875
"Protea burchellii",1960,306,-33.625,18.875
"Protea burchellii",1960,286,-33.875,18.875
"Protea burchellii",1970,294,-33.125,19.125
"Protea burchellii",1928,265,-34.125,18.875
"Protea burchellii",1961,258,-33.875,18.875
"Protea burchellii",1963,245,-33.875,19.625
"Protea burchellii",1963,245,-33.625,19.375
"Protea burchellii",1970,246,-33.875,19.125
"Protea burchellii",1994,256,-33.875,18.875
"Protea burchellii",1939,229,-33.375,19.125
"Protea burchellii",1952,218,-33.875,18.625
"Protea burchellii",1952,225,-33.625,18.875
"Protea burchellii",1959,215,-33.875,18.875
"Protea burchellii",1961,218,-33.625,18.625
"Protea burchellii",1965,231,-33.875,18.875
"Protea burchellii",1966,219,-33.625,18.625
"Protea burchellii",1966,221,-33.875,18.625
"Protea burchellii",1967,214,-33.625,19.125
"Protea burchellii",1968,225,-32.625,18.625
"Protea burchellii",1969,224,-33.625,18.625
"Protea burchellii",1970,233,-32.625,18.625
"Protea burchellii",1972,229,-34.125,18.875
"Protea burchellii",1979,224,-33.875,18.875
"Protea burchellii",1982,229,-33.625,19.375
"Protea burchellii",1986,226,-33.875,18.375
"Protea burchellii",1912,192,-33.875,18.875
"Protea burchellii",1941,185,-33.625,18.875
"Protea burchellii",1952,188,-33.875,18.875
"Protea burchellii",1954,193,-33.875,18.875
"Protea burchellii",1955,196,-33.875,19.125
"Protea burchellii",1956,183,-33.875,18.875
"Protea burchellii",1960,202,-32.625,18.625
"Protea burchellii",1961,198,-33.375,19.125
"Protea burchellii",1961,209,-33.625,18.875
"Protea burchellii",1962,185,-33.625,18.875
"Protea burchellii",1963,200,-33.875,18.875
"Protea burchellii",1963,188,-33.625,19.375
"Protea burchellii",1963,195,-33.625,19.125
"Protea burchellii",1971,208,-33.625,18.625
"Protea burchellii",1977,205,-33.625,18.625
"Protea burchellii",1978,193,-33.375,19.125
"Protea burchellii",1979,185,-33.625,18.625
"Protea burchellii",1980,208,-33.875,18.625
"Protea burchellii",1994,185,-33.875,18.875
"Protea burchellii",1994,188,-33.875,18.875
"Protea burchellii",2011,193,-33.625,18.875
"Protea burchellii",1934,160,-33.875,18.875
"Protea burchellii",1938,156,-34.125,18.875
"Protea burchellii",1942,174,-32.875,18.625
"Protea burchellii",1942,174,-34.125,18.875
"Protea burchellii",1952,176,-33.875,18.875
"Protea burchellii",1962,172,-33.625,19.125
"Protea burchellii",1963,179,-33.875,18.875
"Protea burchellii",1966,166,-33.625,18.875
"Protea burchellii",1968,169,-34.375,18.875
"Protea burchellii",1978,167,-34.125,18.875
"Protea burchellii",1962,124,-33.875,19.125
"Protea burchellii",1962,134,-33.625,18.875
"Protea burchellii",1962,101,-33.125,19.125
"Protea burchellii",1978,34,-33.875,18.875
"Protea caffra",1940,350,-32.625,26.875
"Protea caffra",1949,346,-26.125,28.125
"Protea caffra",1951,362,-24.125,29.125
"Protea caffra",1952,358,-26.375,31.125
"Protea caffra",1952,365,-28.875,29.125
"Protea caffra",1954,364,-24.125,29.125
"Protea caffra",1954,354,-24.125,29.125
"Protea caffra",1963,354,-24.125,29.875
"Protea caffra",1969,347,-28.375,29.125
"Protea caffra",1970,363,-30.625,29.625
"Protea caffra",1974,351,-24.625,30.875
"Protea caffra",1974,342,-24.625,27.875
"Protea caffra",1978,345,-26.125,27.875
"Protea caffra",1944,316,-25.875,28.375
"Protea caffra",1957,323,-28.625,30.875
"Protea caffra",1982,327,-26.125,27.875
"Protea caffra",1999,306,-24.625,30.875
"Protea caffra",1930,285,-26.375,27.375
"Protea caffra",1939,296,-29.625,30.625
"Protea caffra",1948,287,-26.125,27.875
"Protea caffra",1959,295,-26.625,32.125
"Protea caffra",1961,278,-26.125,28.125
"Protea caffra",1962,299,-30.875,30.375
"Protea caffra",1974,275,-25.875,31.125
"Protea caffra",1975,284,-23.875,29.875
"Protea caffra",1910,267,-30.375,30.375
"Protea caffra",1964,260,-26.625,32.125
"Protea caffra",1967,259,-31.625,29.625
"Protea caffra",1993,242,-31.125,28.125
"Protea caffra",1948,188,-26.375,28.375
"Protea caffra",1971,182,-32.875,28.125
"Protea caffra",1966,170,-25.875,31.125
"Protea caffra",1978,179,-22.875,30.375
"Protea caffra",1979,176,-30.625,30.375
"Protea caffra",1952,130,-28.875,29.125
"Protea caffra",1975,128,-29.625,29.375
"Protea caffra",1978,143,-27.875,31.375
"Protea caffra",1978,130,-25.625,27.625
"Protea caffra",1978,138,-24.625,30.875
"Protea caffra",1978,131,-24.125,29.125
"Protea caffra",1978,146,-28.875,29.125
"Protea caffra",1978,139,-24.875,30.625
"Protea caffra",1978,144,-28.875,31.625
"Protea caffra",1978,140,-25.875,31.125
"Protea caffra",1978,148,-29.875,29.875
"Protea caffra",1978,149,-30.625,29.625
"Protea caffra",1978,130,-25.625,27.875
"Protea caffra",1987,144,-28.875,31.625
"Protea caffra",1963,69,-24.625,30.875
"Protea caffra",1964,62,-29.625,30.125
"Protea caffra",1976,65,-28.625,28.875
"Protea caffra",1975,33,-25.875,27.375
"Protea caffra",1951,19,-32.625,27.125
"Protea caffra",1952,18,-29.125,31.625
"Protea caffra",1953,28,-29.125,31.625
"Protea caffra",1964,9,-30.375,28.875
"Protea caffra",1964,15,-24.625,30.875
"Protea caffra",1975,26,-24.125,29.125
"Protea caffra",1975,27,-24.125,29.875
"Protea caffra",1976,13,-31.625,29.625
"Protea caffra",1994,2,-25.875,31.125
"Protea coronata",1952,309,-34.125,24.625
"Protea coronata",1980,308,-33.875,24.125
"Protea coronata",1916,290,-34.125,18.875
"Protea coronata",1955,274,-33.875,19.625
"Protea coronata",1977,303,-34.375,19.625
"Protea coronata",1992,304,-34.375,19.125
"Protea coronata",1930,250,-33.375,25.875
"Protea coronata",1967,251,-34.125,24.625
"Protea coronata",1969,267,-34.125,24.375
"Protea coronata",1981,259,-33.875,21.125
"Protea coronata",1985,263,-33.875,21.125
"Protea coronata",1993,262,-33.875,21.125
"Protea coronata",1915,238,-34.375,21.875
"Protea coronata",1928,230,-33.875,18.375
"Protea coronata",1933,225,-33.875,22.375
"Protea coronata",1933,217,-33.875,18.375
"Protea coronata",1933,215,-33.875,18.375
"Protea coronata",1943,241,-34.125,18.875
"Protea coronata",1953,221,-33.875,22.625
"Protea coronata",1953,221,-34.125,19.125
"Protea coronata",1986,231,-33.875,21.125
"Protea coronata",1986,231,-34.125,20.875
"Protea coronata",1986,227,-33.875,18.875
"Protea coronata",1993,232,-33.875,21.125
"Protea coronata",1942,202,-34.125,18.875
"Protea coronata",1963,183,-33.875,20.625
"Protea coronata",1966,192,-34.375,19.625
"Protea coronata",2006,186,-34.375,20.625
"Protea coronata",1934,155,-33.875,22.375
"Protea coronata",1950,167,-34.375,19.125
"Protea coronata",1951,171,-33.875,18.875
"Protea coronata",1952,167,-33.875,18.875
"Protea coronata",1952,176,-33.875,18.875
"Protea coronata",1955,159,-34.125,19.125
"Protea coronata",1975,174,-33.875,23.875
"Protea coronata",1991,164,-33.875,21.875
"Protea coronata",1916,147,-34.125,18.375
"Protea coronata",1916,141,-34.125,18.375
"Protea coronata",1940,136,-34.125,19.375
"Protea coronata",1954,135,-34.125,18.375
"Protea coronata",1955,149,-29.875,30.375
"Protea coronata",1960,123,-33.875,24.375
"Protea coronata",1972,126,-33.875,21.875
"Protea coronata",1979,134,-33.875,21.125
"Protea coronata",1947,117,-33.875,24.375
"Protea coronata",1960,107,-33.875,19.375
"Protea coronata",1961,107,-33.875,18.875
"Protea coronata",1963,99,-33.875,23.875
"Protea coronata",1964,112,-33.875,18.875
"Protea coronata",1965,110,-34.125,18.375
"Protea coronata",1979,94,-33.875,22.125
"Protea coronata",1988,110,-34.125,20.875
"Protea coronata",1993,92,-34.125,19.125
"Protea coronata",1976,63,-33.875,21.625
"Protea coronata",1951,3,-33.875,19.125
"Protea cynaroides",1955,346,-33.875,18.875
"Protea cynaroides",1959,352,-34.625,20.125
"Protea cynaroides",1962,346,-33.875,25.125
"Protea cynaroides",2002,344,-34.375,18.875
"Protea cynaroides",1949,316,-33.875,23.125
"Protea cynaroides",1958,311,-34.125,23.125
"Protea cynaroides",1959,314,-33.375,19.125
"Protea cynaroides",1970,306,-33.875,22.375
"Protea cynaroides",1971,317,-34.625,19.625
"Protea cynaroides",1954,297,-32.625,18.625
"Protea cynaroides",1960,287,-33.875,18.875
"Protea cynaroides",1930,250,-33.875,25.375
"Protea cynaroides",1932,261,-32.125,24.125
"Protea cynaroides",1947,257,-33.875,23.625
"Protea cynaroides",1956,247,-33.875,20.625
"Protea cynaroides",1973,255,-33.625,24.625
"Protea cynaroides",1980,262,-33.125,19.125
"Protea cynaroides",1952,229,-33.875,18.875
"Protea cynaroides",1952,229,-33.875,20.375
"Protea cynaroides",1961,221,-33.875,19.125
"Protea cynaroides",1962,240,-34.375,19.625
"Protea cynaroides",1973,233,-34.125,23.875
"Protea cynaroides",1973,233,-34.125,23.125
"Protea cynaroides",1973,232,-33.875,22.875
"Protea cynaroides",1980,228,-34.375,20.625
"Protea cynaroides",1986,228,-33.875,19.625
"Protea cynaroides",1934,184,-33.875,25.125
"Protea cynaroides",1934,184,-34.125,24.875
"Protea cynaroides",1941,189,-34.375,20.625
"Protea cynaroides",1952,187,-34.125,20.375
"Protea cynaroides",1967,203,-34.375,19.125
"Protea cynaroides",1969,209,-33.875,25.625
"Protea cynaroides",1980,193,-33.625,19.125
"Protea cynaroides",1985,201,-33.375,26.375
"Protea cynaroides",1978,154,-33.875,23.125
"Protea cynaroides",1978,153,-33.875,25.125
"Protea cynaroides",1979,157,-34.375,19.125
"Protea cynaroides",1987,172,-34.125,20.875
"Protea cynaroides",1943,147,-34.125,18.375
"Protea cynaroides",1946,121,-33.875,18.375
"Protea cynaroides",1956,148,-33.875,22.125
"Protea cynaroides",1971,138,-34.125,18.875
"Protea cynaroides",1972,124,-33.875,25.125
"Protea cynaroides",1972,123,-33.875,24.375
"Protea cynaroides",1974,124,-33.125,19.375
"Protea cynaroides",1975,131,-34.375,19.375
"Protea cynaroides",1980,149,-34.375,19.375
"Protea cynaroides",1993,131,-34.375,18.875
"Protea cynaroides",1917,109,-34.125,18.375
"Protea cynaroides",1959,94,-33.875,21.875
"Protea cynaroides",1971,105,-34.375,19.375
"Protea cynaroides",1973,105,-33.875,19.375
"Protea cynaroides",1974,96,-34.125,18.375
"Protea cynaroides",1978,91,-33.875,21.125
"Protea cynaroides",1979,100,-34.625,19.625
"Protea cynaroides",1919,87,-34.125,18.375
"Protea cynaroides",1921,75,-34.125,18.875
"Protea cynaroides",1941,79,-34.375,20.875
"Protea cynaroides",1947,79,-33.375,21.375
"Protea cynaroides",1953,87,-33.875,18.875
"Protea cynaroides",1962,71,-34.125,19.375
"Protea cynaroides",1974,67,-33.625,25.125
"Protea cynaroides",1977,73,-33.875,19.625
"Protea cynaroides",1978,89,-33.125,19.375
"Protea cynaroides",1978,75,-34.625,19.875
"Protea cynaroides",2009,82,-33.962769,18.406809
"Protea cynaroides",1947,56,-34.125,18.875
"Protea cynaroides",1952,48,-32.125,23.625
"Protea cynaroides",1962,47,-34.125,20.375
"Protea cynaroides",1973,34,-34.125,19.125
"Protea cynaroides",1942,29,-34.125,18.375
"Protea cynaroides",1942,29,-33.875,18.625
"Protea cynaroides",1948,10,-33.875,18.875
"Protea cynaroides",1969,16,-33.875,25.625
"Protea cynaroides",1970,8,-34.125,19.125
"Protea cynaroides",1971,27,-34.125,18.875
"Protea cynaroides",1974,3,-33.875,21.375
"Protea eximia",1919,350,-33.875,22.125
"Protea eximia",1928,363,-33.375,20.875
"Protea eximia",1928,362,-33.375,22.125
"Protea eximia",1950,339,-33.875,22.125
"Protea eximia",1976,355,-34.375,19.125
"Protea eximia",1996,345,-33.6944,19.0809
"Protea eximia",1921,328,-33.875,22.375
"Protea eximia",1928,308,-33.875,22.375
"Protea eximia",1957,317,-33.625,21.375
"Protea eximia",1959,328,-33.875,20.125
"Protea eximia",1970,307,-33.625,22.875
"Protea eximia",1970,308,-33.375,22.125
"Protea eximia",1974,313,-33.625,21.625
"Protea eximia",1987,330,-33.875,20.875
"Protea eximia",1965,302,-34.125,24.125
"Protea eximia",1967,301,-34.125,24.875
"Protea eximia",1975,283,-33.375,26.625
"Protea eximia",1976,296,-33.625,19.875
"Protea eximia",1982,278,-33.625,20.625
"Protea eximia",1993,278,-33.625,20.875
"Protea eximia",1993,279,-33.625,20.875
"Protea eximia",1930,266,-33.625,23.125
"Protea eximia",1949,266,-33.875,21.125
"Protea eximia",1953,270,-33.375,21.375
"Protea eximia",1953,269,-33.375,21.375
"Protea eximia",1961,258,-33.875,18.875
"Protea eximia",1967,246,-34.375,19.125
"Protea eximia",1967,262,-33.875,23.875
"Protea eximia",1978,269,-33.875,24.125
"Protea eximia",1993,264,-34.375,18.875
"Protea eximia",1929,228,-33.875,21.125
"Protea eximia",1949,219,-33.375,22.125
"Protea eximia",1949,221,-33.875,21.125
"Protea eximia",1952,232,-33.875,22.375
"Protea eximia",1986,229,-33.625,19.625
"Protea eximia",1987,230,-33.625,21.875
"Protea eximia",2005,216,-33.875,25.125
"Protea eximia",1935,192,-33.625,23.375
"Protea eximia",1954,199,-33.875,22.375
"Protea eximia",1954,199,-33.625,22.125
"Protea eximia",1966,192,-33.375,22.125
"Protea eximia",1974,198,-33.625,23.875
"Protea eximia",1955,170,-33.375,22.125
"Protea eximia",1961,164,-33.875,21.125
"Protea eximia",1966,173,-33.375,22.625
"Protea eximia",1978,153,-33.875,25.125
"Protea eximia",1978,154,-33.875,23.125
"Protea eximia",1940,136,-33.875,25.375
"Protea eximia",1961,133,-33.375,22.125
"Protea eximia",1969,125,-34.375,19.875
"Protea eximia",1915,114,-34.125,19.625
"Protea eximia",1963,94,-33.375,22.125
"Protea eximia",1978,91,-33.875,21.125
"Protea eximia",1979,92,-33.875,22.125
"Protea eximia",1929,89,-34.125,24.625
"Protea eximia",1959,84,-33.875,22.625
"Protea eximia",1976,63,-33.875,21.625
"Protea eximia",1977,60,-33.375,22.125
"Protea eximia",1979,73,-33.875,25.125
"Protea eximia",1974,32,-33.625,25.125
"Protea eximia",2001,54,-33.625,23.375
"Protea eximia",1920,27,-33.875,23.375
"Protea eximia",1953,25,-34.125,19.625
"Protea eximia",1956,29,-34.125,21.375
"Protea eximia",1961,2,-33.375,22.125
"Protea eximia",1963,25,-33.375,22.375
"Protea eximia",1971,10,-33.875,25.625
"Protea eximia",1997,24,-33.375,21.125
"Protea gaguedi",1905,335,-25.625,28.375
"Protea gaguedi",1933,362,-25.375,30.875
"Protea gaguedi",1937,353,-24.875,30.875
"Protea gaguedi",1961,340,-24.625,30.875
"Protea gaguedi",1963,346,-24.625,30.875
"Protea gaguedi",1971,341,-25.875,31.125
"Protea gaguedi",1972,349,-25.625,27.125
"Protea gaguedi",1978,348,-24.875,30.875
"Protea gaguedi",1978,335,-27.375,30.875
"Protea gaguedi",1986,339,-26.125,31.125
"Protea gaguedi",1992,342,-25.875,31.125
"Protea gaguedi",1992,344,-25.875,31.375
"Protea gaguedi",2002,338,-24.875,30.875
"Protea gaguedi",1905,328,-27.375,30.125
"Protea gaguedi",1930,318,-30.875,28.625
"Protea gaguedi",1936,330,-27.125,31.875
"Protea gaguedi",1945,324,-23.875,30.125
"Protea gaguedi",1973,314,-25.875,31.125
"Protea gaguedi",1976,329,-22.875,30.375
"Protea gaguedi",1977,323,-22.875,30.375
"Protea gaguedi",1914,292,-23.875,30.125
"Protea gaguedi",1930,298,-30.875,28.625
"Protea gaguedi",1955,279,-26.375,31.125
"Protea gaguedi",1956,300,-26.375,31.125
"Protea gaguedi",1957,284,-26.625,31.375
"Protea gaguedi",1959,289,-27.125,31.375
"Protea gaguedi",1959,289,-27.125,31.625
"Protea gaguedi",1970,302,-25.875,31.125
"Protea gaguedi",1974,275,-25.875,31.375
"Protea gaguedi",1996,276,-23.875,30.125
"Protea gaguedi",1906,272,-25.375,30.625
"Protea gaguedi",1961,271,-24.125,30.375
"Protea gaguedi",1962,270,-26.375,31.125
"Protea gaguedi",1974,268,-23.875,29.875
"Protea gaguedi",1977,263,-26.375,31.125
"Protea gaguedi",1977,261,-26.375,31.125
"Protea gaguedi",1981,262,-24.125,30.125
"Protea gaguedi",1903,239,-25.625,27.375
"Protea gaguedi",1903,239,-25.625,27.125
"Protea gaguedi",1956,225,-25.875,31.125
"Protea gaguedi",1968,219,-24.875,30.625
"Protea gaguedi",1978,214,-25.625,30.625
"Protea gaguedi",1986,218,-24.125,30.375
"Protea gaguedi",1992,227,-26.875,30.875
"Protea gaguedi",1937,197,-23.875,30.625
"Protea gaguedi",1947,207,-25.375,30.625
"Protea gaguedi",1956,193,-25.625,27.125
"Protea gaguedi",1964,192,-23.875,30.125
"Protea gaguedi",1906,163,-23.875,29.875
"Protea gaguedi",1956,180,-25.125,27.625
"Protea gaguedi",1982,160,-25.625,31.125
"Protea gaguedi",1993,173,-24.125,28.375
"Protea gaguedi",1903,144,-25.625,26.875
"Protea gaguedi",1945,127,-23.875,30.125
"Protea gaguedi",1956,143,-28.625,31.125
"Protea gaguedi",1969,121,-30.875,28.625
"Protea gaguedi",1971,136,-23.625,28.125
"Protea gaguedi",1978,140,-25.875,31.125
"Protea gaguedi",1978,138,-24.625,30.875
"Protea gaguedi",1980,138,-25.875,30.125
"Protea gaguedi",1986,129,-25.625,31.125
"Protea gaguedi",1957,97,-22.875,29.875
"Protea gaguedi",1976,108,-25.875,30.625
"Protea gaguedi",1997,107,-25.375,30.375
"Protea gaguedi",1956,67,-25.875,31.125
"Protea gaguedi",1957,66,-25.875,31.125
"Protea gaguedi",1957,64,-25.625,30.125
"Protea gaguedi",1959,76,-26.125,31.125
"Protea gaguedi",1959,76,-26.375,31.125
"Protea gaguedi",1937,51,-24.875,30.875
"Protea gaguedi",1937,56,-24.625,30.875
"Protea gaguedi",1961,33,-26.375,31.125
"Protea gaguedi",1972,47,-24.875,30.625
"Protea gaguedi",1972,40,-24.375,28.625
"Protea gaguedi",1974,41,-25.375,30.625
"Protea gaguedi",1979,36,-25.375,30.625
"Protea gaguedi",1997,51,-27.625,31.125
"Protea gaguedi",2000,45,-26.375,30.125
"Protea gaguedi",2000,46,-27.625,31.625
"Protea gaguedi",1904,17,-25.875,31.125
"Protea gaguedi",1941,12,-26.125,31.625
"Protea gaguedi",1951,7,-22.875,30.625
"Protea gaguedi",1953,29,-25.625,28.125
"Protea gaguedi",1957,9,-26.875,31.375
"Protea gaguedi",1957,9,-29.125,29.625
"Protea gaguedi",1957,9,-27.125,31.625
"Protea gaguedi",1960,6,-24.625,30.875
"Protea gaguedi",1964,16,-26.125,31.375
"Protea gaguedi",1972,14,-24.625,30.875
"Protea gaguedi",1972,18,-24.625,30.875
"Protea gaguedi",1973,10,-25.875,31.125
"Protea gaguedi",1975,30,-25.875,31.375
"Protea gaguedi",1975,29,-24.625,30.875
"Protea gaguedi",1976,20,-24.875,30.625
"Protea gaguedi",1976,19,-24.875,30.625
"Protea gaguedi",1978,30,-25.375,30.625
"Protea gaguedi",1979,6,-25.125,30.875
"Protea gaguedi",1986,4,-24.875,30.875
"Protea gaguedi",1989,15,-22.625,30.375
"Protea gaguedi",1992,7,-28.625,32.125
"Protea gaguedi",1994,22,-25.625,30.375
"Protea gaguedi",1994,25,-26.125,31.375
"Protea gaguedi",1994,27,-26.125,31.375
"Protea glabra",1930,307,-32.125,18.875
"Protea glabra",1930,321,-31.375,19.125
"Protea glabra",1955,325,-32.125,19.125
"Protea glabra",2005,332,-32.375,18.875
"Protea glabra",1928,285,-31.625,19.375
"Protea glabra",1938,278,-32.625,19.125
"Protea glabra",1953,283,-31.625,19.125
"Protea glabra",1962,282,-33.375,19.375
"Protea glabra",1963,288,-33.125,19.625
"Protea glabra",1967,295,-31.875,19.625
"Protea glabra",1967,295,-32.875,19.625
"Protea glabra",1973,283,-31.875,18.875
"Protea glabra",1977,299,-32.125,19.125
"Protea glabra",1977,293,-32.125,19.125
"Protea glabra",1911,261,-31.375,18.625
"Protea glabra",1933,249,-32.125,18.875
"Protea glabra",1940,273,-32.125,18.875
"Protea glabra",1948,248,-32.125,18.875
"Protea glabra",1948,265,-30.625,18.375
"Protea glabra",1949,250,-32.125,18.875
"Protea glabra",1953,251,-32.125,19.125
"Protea glabra",1956,271,-33.125,19.875
"Protea glabra",1961,260,-31.875,18.625
"Protea glabra",1962,265,-31.875,18.625
"Protea glabra",1964,259,-32.875,19.625
"Protea glabra",1965,259,-33.125,19.625
"Protea glabra",1969,260,-31.375,19.125
"Protea glabra",1970,271,-31.375,19.125
"Protea glabra",1972,268,-33.125,19.625
"Protea glabra",1972,248,-32.125,18.625
"Protea glabra",1991,265,-32.875,19.625
"Protea glabra",1991,264,-32.875,19.625
"Protea glabra",1993,257,-32.375,19.125
"Protea glabra",1993,244,-32.375,18.875
"Protea glabra",2006,254,-32.875,19.625
"Protea glabra",1941,235,-32.125,18.875
"Protea glabra",1950,235,-31.375,19.125
"Protea glabra",1952,235,-32.125,18.875
"Protea glabra",1952,235,-32.375,18.875
"Protea glabra",1953,214,-31.625,19.125
"Protea glabra",1960,231,-31.375,19.125
"Protea glabra",1961,223,-31.375,19.125
"Protea glabra",1967,227,-31.875,18.875
"Protea glabra",1968,226,-31.875,18.875
"Protea glabra",1976,242,-32.875,19.375
"Protea glabra",1983,220,-31.125,18.875
"Protea glabra",1983,220,-31.375,19.125
"Protea glabra",1986,225,-32.375,19.125
"Protea glabra",1986,226,-31.375,19.125
"Protea glabra",1992,233,-31.875,19.125
"Protea glabra",1997,230,-32.125,19.125
"Protea glabra",1962,207,-33.125,19.625
"Protea glabra",1963,193,-32.125,19.125
"Protea glabra",1970,208,-32.125,18.875
"Protea glabra",1974,194,-31.625,18.875
"Protea glabra",1995,183,-31.625,19.125
"Protea glabra",1972,158,-32.125,19.125
"Protea glabra",1972,158,-32.375,19.125
"Protea glabra",1988,156,-31.625,19.125
"Protea glabra",1960,127,-32.375,18.875
"Protea glabra",1978,101,-31.375,19.125
"Protea glabra",1978,95,-31.875,18.875
"Protea glabra",1978,105,-32.375,19.125
"Protea laurifolia",1963,357,-33.625,19.125
"Protea laurifolia",1908,334,-33.375,19.625
"Protea laurifolia",1930,322,-31.375,19.125
"Protea laurifolia",1977,321,-33.125,19.125
"Protea laurifolia",1923,296,-32.375,19.125
"Protea laurifolia",1927,277,-33.375,19.375
"Protea laurifolia",1936,279,-33.375,19.375
"Protea laurifolia",1947,275,-33.125,19.125
"Protea laurifolia",1948,300,-33.125,19.125
"Protea laurifolia",1950,301,-33.125,20.125
"Protea laurifolia",1955,274,-33.875,19.375
"Protea laurifolia",1958,282,-33.625,19.375
"Protea laurifolia",1959,294,-33.125,18.875
"Protea laurifolia",1968,303,-33.125,20.875
"Protea laurifolia",1973,281,-33.875,19.125
"Protea laurifolia",1973,283,-31.875,18.875
"Protea laurifolia",1976,281,-33.375,19.375
"Protea laurifolia",1982,279,-33.625,20.625
"Protea laurifolia",1989,287,-31.375,19.125
"Protea laurifolia",1991,274,-33.125,18.875
"Protea laurifolia",1999,294,-32.875,19.375
"Protea laurifolia",1938,267,-32.125,18.875
"Protea laurifolia",1941,267,-33.875,19.875
"Protea laurifolia",1946,268,-33.625,20.375
"Protea laurifolia",1949,249,-32.625,18.875
"Protea laurifolia",1949,255,-33.125,19.125
"Protea laurifolia",1953,250,-32.125,19.125
"Protea laurifolia",1954,261,-33.875,19.125
"Protea laurifolia",1954,262,-34.375,20.625
"Protea laurifolia",1955,248,-32.125,18.875
"Protea laurifolia",1956,246,-33.375,19.125
"Protea laurifolia",1959,266,-33.625,19.125
"Protea laurifolia",1960,266,-33.375,19.375
"Protea laurifolia",1961,269,-33.625,18.875
"Protea laurifolia",1961,260,-33.375,19.125
"Protea laurifolia",1963,248,-32.375,19.375
"Protea laurifolia",1964,245,-33.375,19.375
"Protea laurifolia",1965,259,-33.125,19.625
"Protea laurifolia",1965,268,-33.875,19.375
"Protea laurifolia",1966,257,-33.625,20.125
"Protea laurifolia",1968,255,-33.375,19.375
"Protea laurifolia",1969,260,-31.375,19.375
"Protea laurifolia",1970,246,-33.875,19.125
"Protea laurifolia",1972,251,-31.375,18.875
"Protea laurifolia",1972,251,-32.375,18.875
"Protea laurifolia",1991,263,-32.875,19.625
"Protea laurifolia",1992,254,-33.875,19.875
"Protea laurifolia",2002,262,-33.125,18.625
"Protea laurifolia",1928,239,-33.625,19.375
"Protea laurifolia",1930,241,-33.375,19.875
"Protea laurifolia",1933,220,-33.125,20.875
"Protea laurifolia",1934,216,-33.125,19.375
"Protea laurifolia",1950,236,-31.625,19.375
"Protea laurifolia",1950,236,-31.875,19.375
"Protea laurifolia",1951,240,-32.125,19.125
"Protea laurifolia",1952,216,-33.625,19.125
"Protea laurifolia",1952,235,-32.125,18.875
"Protea laurifolia",1952,235,-33.625,19.125
"Protea laurifolia",1956,215,-33.375,20.625
"Protea laurifolia",1958,228,-32.625,18.375
"Protea laurifolia",1962,217,-32.125,18.875
"Protea laurifolia",1967,236,-32.125,19.125
"Protea laurifolia",1967,236,-32.125,18.875
"Protea laurifolia",1969,225,-31.875,18.625
"Protea laurifolia",1971,241,-33.875,18.375
"Protea laurifolia",1979,241,-33.875,18.875
"Protea laurifolia",1983,219,-31.125,18.875
"Protea laurifolia",1986,224,-33.375,20.375
"Protea laurifolia",1986,225,-31.375,19.125
"Protea laurifolia",1986,228,-33.875,19.625
"Protea laurifolia",1986,226,-32.625,18.875
"Protea laurifolia",1986,229,-33.625,19.625
"Protea laurifolia",1986,224,-32.875,19.375
"Protea laurifolia",1986,230,-33.375,19.375
"Protea laurifolia",1986,224,-33.125,19.375
"Protea laurifolia",1987,214,-33.375,20.625
"Protea laurifolia",1987,237,-33.375,20.625
"Protea laurifolia",1992,233,-31.875,19.125
"Protea laurifolia",1993,223,-33.375,20.625
"Protea laurifolia",1994,238,-33.875,19.625
"Protea laurifolia",1936,209,-32.625,26.875
"Protea laurifolia",1954,192,-33.375,20.375
"Protea laurifolia",1955,193,-33.375,19.125
"Protea laurifolia",1956,199,-33.125,19.125
"Protea laurifolia",1956,189,-33.625,19.125
"Protea laurifolia",1960,202,-32.125,18.875
"Protea laurifolia",1961,200,-31.375,19.125
"Protea laurifolia",1963,207,-31.875,18.625
"Protea laurifolia",1967,201,-31.375,19.125
"Protea laurifolia",1974,193,-31.625,18.875
"Protea laurifolia",1980,190,-33.625,19.625
"Protea laurifolia",1980,193,-33.625,19.625
"Protea laurifolia",1980,192,-33.625,19.625
"Protea laurifolia",1981,187,-33.625,19.375
"Protea laurifolia",1983,194,-33.375,20.625
"Protea laurifolia",1988,193,-33.625,18.875
"Protea laurifolia",1990,205,-33.375,20.625
"Protea laurifolia",1992,186,-33.375,20.625
"Protea laurifolia",1995,183,-31.625,19.125
"Protea laurifolia",2006,199,-32.875,19.625
"Protea laurifolia",1916,181,-34.125,18.375
"Protea laurifolia",1931,172,-31.375,19.125
"Protea laurifolia",1946,153,-32.125,19.125
"Protea laurifolia",1955,161,-31.375,19.125
"Protea laurifolia",1957,152,-33.625,19.875
"Protea laurifolia",1957,152,-33.875,20.125
"Protea laurifolia",1967,161,-33.375,19.125
"Protea laurifolia",1978,166,-33.875,18.875
"Protea laurifolia",1978,155,-33.125,19.375
"Protea laurifolia",1979,158,-33.125,19.125
"Protea laurifolia",1979,158,-32.625,19.125
"Protea laurifolia",1979,158,-32.875,19.125
"Protea laurifolia",1979,162,-34.125,18.875
"Protea laurifolia",1979,159,-32.375,18.875
"Protea laurifolia",1979,162,-34.375,18.875
"Protea laurifolia",1979,178,-33.125,19.375
"Protea laurifolia",1982,156,-33.875,18.875
"Protea laurifolia",1988,174,-31.375,19.125
"Protea laurifolia",1994,179,-33.875,19.625
"Protea laurifolia",1934,131,-32.125,18.875
"Protea laurifolia",1941,145,-33.625,19.125
"Protea laurifolia",1941,130,-33.375,19.375
"Protea laurifolia",1952,150,-33.625,19.125
"Protea laurifolia",1952,151,-33.375,19.375
"Protea laurifolia",1956,134,-33.375,18.875
"Protea laurifolia",1962,124,-33.875,19.125
"Protea laurifolia",1963,144,-33.625,22.125
"Protea laurifolia",1966,146,-33.375,19.125
"Protea laurifolia",1967,140,-33.625,22.125
"Protea laurifolia",1968,144,-33.875,19.625
"Protea laurifolia",1974,139,-33.875,19.375
"Protea laurifolia",1974,140,-33.875,19.375
"Protea laurifolia",1976,139,-33.125,19.375
"Protea laurifolia",1977,138,-31.625,19.375
"Protea laurifolia",1977,138,-32.625,19.375
"Protea laurifolia",2000,143,-32.375,19.375
"Protea laurifolia",2011,133,-33.625,18.875
"Protea laurifolia",1944,102,-33.375,19.125
"Protea laurifolia",1946,118,-33.125,20.125
"Protea laurifolia",1960,107,-33.375,19.875
"Protea laurifolia",1964,97,-32.125,18.875
"Protea laurifolia",1978,105,-32.125,19.125
"Protea laurifolia",1978,100,-31.875,19.125
"Protea laurifolia",1978,104,-32.375,19.375
"Protea laurifolia",1978,95,-31.625,18.875
"Protea laurifolia",1978,91,-33.875,21.125
"Protea laurifolia",1978,105,-32.375,19.125
"Protea laurifolia",1982,91,-33.625,18.875
"Protea laurifolia",1984,108,-33.375,19.125
"Protea laurifolia",1985,117,-33.625,19.875
"Protea laurifolia",1989,115,-33.625,19.625
"Protea laurifolia",1948,79,-31.375,19.125
"Protea laurifolia",1962,88,-33.625,22.125
"Protea laurifolia",1962,88,-33.625,18.875
"Protea laurifolia",1964,79,-33.375,19.375
"Protea laurifolia",1981,68,-33.375,19.125
"Protea laurifolia",1983,63,-32.125,19.125
"Protea laurifolia",1988,83,-32.375,19.125
"Protea laurifolia",1991,83,-33.875,19.625
"Protea laurifolia",1978,40,-31.125,18.625
"Protea laurifolia",1978,40,-32.125,18.625
"Protea laurifolia",1943,13,-34.125,19.875
"Protea longifolia",1913,335,-33.875,21.625
"Protea longifolia",1973,340,-33.875,19.375
"Protea longifolia",1991,336,-34.625,19.875
"Protea longifolia",1913,308,-33.875,21.625
"Protea longifolia",1942,274,-34.375,19.125
"Protea longifolia",1982,278,-34.625,19.875
"Protea longifolia",1992,301,-34.375,18.875
"Protea longifolia",1928,247,-34.375,19.375
"Protea longifolia",1929,257,-34.125,19.375
"Protea longifolia",1943,259,-34.375,19.125
"Protea longifolia",1943,246,-34.625,20.125
"Protea longifolia",1947,259,-34.125,18.875
"Protea longifolia",1952,245,-34.375,19.125
"Protea longifolia",1953,268,-34.625,19.875
"Protea longifolia",1954,272,-34.625,19.375
"Protea longifolia",1958,270,-34.125,18.875
"Protea longifolia",1965,268,-33.875,19.625
"Protea longifolia",1916,241,-34.125,18.875
"Protea longifolia",1947,230,-34.375,19.125
"Protea longifolia",1953,232,-34.375,19.375
"Protea longifolia",1969,236,-33.875,19.625
"Protea longifolia",1973,213,-34.625,19.625
"Protea longifolia",1973,213,-34.625,19.875
"Protea longifolia",1975,213,-34.625,19.875
"Protea longifolia",1939,197,-34.375,19.125
"Protea longifolia",1954,199,-33.875,22.375
"Protea longifolia",1955,191,-34.375,19.625
"Protea longifolia",1960,202,-34.125,19.375
"Protea longifolia",1963,193,-34.375,19.125
"Protea longifolia",1967,203,-34.125,19.125
"Protea longifolia",1967,190,-34.375,19.125
"Protea longifolia",1973,206,-34.125,19.125
"Protea longifolia",1974,204,-34.375,19.375
"Protea longifolia",1993,205,-34.125,19.125
"Protea longifolia",1940,157,-33.875,18.375
"Protea longifolia",1954,157,-34.375,19.125
"Protea longifolia",1959,162,-34.125,18.875
"Protea longifolia",1962,161,-34.125,19.375
"Protea longifolia",1962,159,-34.375,19.375
"Protea longifolia",1963,174,-34.625,20.125
"Protea longifolia",1963,174,-34.625,19.875
"Protea longifolia",1968,180,-34.375,19.125
"Protea longifolia",1970,174,-34.375,18.875
"Protea longifolia",1974,167,-34.375,19.375
"Protea longifolia",1975,177,-34.375,19.125
"Protea longifolia",1979,157,-34.375,18.875
"Protea longifolia",1979,157,-34.375,19.125
"Protea longifolia",1984,159,-34.625,19.625
"Protea longifolia",1940,143,-33.875,18.375
"Protea longifolia",1962,142,-34.375,19.125
"Protea longifolia",1963,149,-34.125,19.125
"Protea longifolia",1963,145,-34.125,19.125
"Protea longifolia",1968,144,-33.875,19.625
"Protea longifolia",1974,141,-34.625,19.375
"Protea longifolia",1993,131,-34.375,18.875
"Protea longifolia",1975,107,-33.875,19.625
"Protea longifolia",1978,75,-34.625,19.875
"Protea longifolia",1978,76,-34.625,19.625
"Protea longifolia",1988,76,-34.625,19.875
"Protea longifolia",2004,19,-33.875,19.375
"Protea lorifolia",1928,362,-33.375,21.875
"Protea lorifolia",1955,362,-33.125,26.125
"Protea lorifolia",1974,335,-33.375,21.375
"Protea lorifolia",1965,313,-33.625,23.125
"Protea lorifolia",1974,313,-33.625,21.625
"Protea lorifolia",1954,293,-33.625,23.625
"Protea lorifolia",1954,292,-34.125,19.625
"Protea lorifolia",1954,293,-33.625,24.125
"Protea lorifolia",1954,296,-33.625,24.625
"Protea lorifolia",1961,277,-34.375,19.125
"Protea lorifolia",1968,303,-33.375,20.625
"Protea lorifolia",1982,278,-33.625,20.625
"Protea lorifolia",1993,280,-33.625,20.875
"Protea lorifolia",1993,280,-33.625,21.125
"Protea lorifolia",1993,278,-33.625,20.875
"Protea lorifolia",1923,261,-33.625,24.375
"Protea lorifolia",1923,261,-33.375,23.125
"Protea lorifolia",1949,271,-33.375,22.125
"Protea lorifolia",1953,263,-33.375,23.375
"Protea lorifolia",1953,265,-33.625,24.875
"Protea lorifolia",1965,260,-33.125,19.625
"Protea lorifolia",1965,268,-33.875,19.625
"Protea lorifolia",1967,263,-33.375,23.375
"Protea lorifolia",1967,263,-33.375,23.125
"Protea lorifolia",1989,259,-33.375,22.125
"Protea lorifolia",1933,220,-33.375,20.625
"Protea lorifolia",1947,219,-33.375,22.125
"Protea lorifolia",1949,219,-33.375,23.125
"Protea lorifolia",1949,219,-33.375,22.125
"Protea lorifolia",1953,218,-33.875,21.125
"Protea lorifolia",1954,230,-33.625,21.375
"Protea lorifolia",1957,225,-33.875,21.125
"Protea lorifolia",1974,236,-33.125,26.125
"Protea lorifolia",1977,230,-33.875,19.625
"Protea lorifolia",1986,228,-33.875,19.625
"Protea lorifolia",1986,231,-33.375,22.125
"Protea lorifolia",1993,222,-33.625,20.625
"Protea lorifolia",1921,207,-33.125,23.875
"Protea lorifolia",1940,199,-34.125,20.375
"Protea lorifolia",1942,183,-33.625,19.125
"Protea lorifolia",1954,196,-33.875,23.125
"Protea lorifolia",1954,184,-33.875,25.375
"Protea lorifolia",1954,185,-33.625,23.875
"Protea lorifolia",1954,199,-33.875,22.375
"Protea lorifolia",1960,192,-33.375,19.625
"Protea lorifolia",1962,189,-33.625,19.875
"Protea lorifolia",1963,189,-33.625,20.125
"Protea lorifolia",1964,195,-33.875,22.625
"Protea lorifolia",1965,208,-33.375,22.125
"Protea lorifolia",1966,192,-33.375,22.125
"Protea lorifolia",1982,207,-33.625,19.375
"Protea lorifolia",1986,207,-33.125,23.625
"Protea lorifolia",2006,203,-33.375,21.875
"Protea lorifolia",1952,157,-33.375,23.625
"Protea lorifolia",1952,157,-33.875,24.375
"Protea lorifolia",1952,164,-33.875,20.125
"Protea lorifolia",1961,172,-33.875,23.875
"Protea lorifolia",1961,164,-33.875,21.125
"Protea lorifolia",1963,174,-34.125,22.125
"Protea lorifolia",1966,173,-33.375,23.625
"Protea lorifolia",1971,167,-33.625,20.125
"Protea lorifolia",1973,163,-33.625,23.875
"Protea lorifolia",1974,169,-33.625,24.375
"Protea lorifolia",1974,179,-33.375,22.125
"Protea lorifolia",1983,172,-33.375,21.375
"Protea lorifolia",1930,132,-33.875,21.125
"Protea lorifolia",1941,131,-33.375,20.375
"Protea lorifolia",1960,149,-33.375,19.625
"Protea lorifolia",1960,147,-33.375,21.375
"Protea lorifolia",1960,136,-33.375,23.375
"Protea lorifolia",1961,133,-33.375,23.125
"Protea lorifolia",1961,133,-33.375,22.125
"Protea lorifolia",1962,128,-33.875,20.625
"Protea lorifolia",1963,127,-33.375,21.375
"Protea lorifolia",1965,134,-34.125,21.375
"Protea lorifolia",1968,129,-33.875,19.875
"Protea lorifolia",1969,143,-33.375,23.125
"Protea lorifolia",1970,134,-33.375,23.625
"Protea lorifolia",1974,121,-33.375,22.125
"Protea lorifolia",1974,121,-34.125,19.625
"Protea lorifolia",1974,140,-33.875,19.375
"Protea lorifolia",1977,144,-33.375,21.125
"Protea lorifolia",1983,137,-33.625,24.125
"Protea lorifolia",1952,104,-33.625,24.625
"Protea lorifolia",1953,116,-33.625,24.625
"Protea lorifolia",1956,119,-33.375,22.625
"Protea lorifolia",1962,110,-33.875,21.125
"Protea lorifolia",1962,100,-33.375,21.125
"Protea lorifolia",1963,94,-33.375,22.125
"Protea lorifolia",1964,101,-33.375,23.875
"Protea lorifolia",1964,101,-33.625,24.125
"Protea lorifolia",1968,109,-33.875,20.125
"Protea lorifolia",1973,116,-33.375,21.125
"Protea lorifolia",1974,97,-33.625,25.125
"Protea lorifolia",1974,103,-34.125,19.875
"Protea lorifolia",1975,107,-33.875,19.375
"Protea lorifolia",1977,110,-33.375,21.625
"Protea lorifolia",1935,83,-33.125,26.625
"Protea lorifolia",1976,81,-33.375,22.125
"Protea lorifolia",2004,88,-33.375,23.375
"Protea lorifolia",1979,43,-33.875,19.625
"Protea lorifolia",2003,37,-33.375,22.125
"Protea lorifolia",2004,47,-33.875,21.125
"Protea lorifolia",1979,14,-33.875,19.625
"Protea lorifolia",1981,10,-33.625,24.375
"Protea mundii",1958,353,-33.875,23.625
"Protea mundii",1960,336,-34.125,24.375
"Protea mundii",1966,344,-33.875,23.875
"Protea mundii",1993,344,-34.375,19.625
"Protea mundii",1952,318,-34.375,19.875
"Protea mundii",1952,316,-34.375,19.875
"Protea mundii",1958,311,-34.125,23.125
"Protea mundii",1968,334,-33.875,23.125
"Protea mundii",1928,287,-33.875,24.125
"Protea mundii",1928,287,-33.875,24.375
"Protea mundii",1928,283,-34.125,23.125
"Protea mundii",1961,301,-33.875,24.375
"Protea mundii",1961,301,-34.125,24.875
"Protea mundii",1975,301,-33.875,23.375
"Protea mundii",1930,266,-33.625,23.125
"Protea mundii",1930,257,-33.875,25.125
"Protea mundii",1947,257,-33.875,23.625
"Protea mundii",1947,247,-33.875,23.125
"Protea mundii",1967,264,-33.875,22.625
"Protea mundii",1968,255,-34.375,19.875
"Protea mundii",1968,255,-34.375,18.875
"Protea mundii",1969,259,-33.875,23.375
"Protea mundii",1973,255,-33.625,24.625
"Protea mundii",1976,263,-34.125,23.375
"Protea mundii",1978,269,-33.875,24.125
"Protea mundii",1973,226,-33.875,25.125
"Protea mundii",1979,223,-33.875,24.125
"Protea mundii",1917,182,-34.125,23.125
"Protea mundii",1959,192,-34.125,23.875
"Protea mundii",1965,195,-33.875,23.875
"Protea mundii",1974,198,-33.625,23.875
"Protea mundii",1993,202,-34.375,18.875
"Protea mundii",1938,172,-33.875,18.375
"Protea mundii",1961,175,-33.875,23.125
"Protea mundii",1975,177,-34.125,23.875
"Protea mundii",1978,154,-33.125,23.875
"Protea mundii",1978,154,-33.875,23.125
"Protea mundii",1918,137,-33.875,25.625
"Protea mundii",1925,133,-34.125,23.125
"Protea mundii",1960,123,-33.375,22.375
"Protea mundii",1969,132,-34.375,18.875
"Protea mundii",1969,141,-34.125,19.125
"Protea mundii",1977,137,-26.125,27.875
"Protea mundii",1979,125,-33.625,24.875
"Protea mundii",1983,137,-33.625,24.125
"Protea mundii",1993,131,-34.375,18.875
"Protea mundii",1929,91,-33.875,23.625
"Protea mundii",1947,117,-33.875,24.125
"Protea mundii",1956,106,-34.125,23.875
"Protea mundii",1962,114,-34.375,19.875
"Protea mundii",1962,101,-34.125,23.125
"Protea mundii",1963,106,-34.125,23.875
"Protea mundii",1963,106,-33.875,23.875
"Protea mundii",1971,105,-34.375,19.375
"Protea mundii",1971,105,-34.375,19.125
"Protea mundii",1974,100,-33.625,25.125
"Protea mundii",1977,94,-33.875,22.625
"Protea mundii",1977,94,-33.125,22.375
"Protea mundii",1984,109,-33.625,18.875
"Protea mundii",1926,81,-33.875,22.375
"Protea mundii",1954,73,-33.875,23.625
"Protea mundii",1966,82,-33.875,23.875
"Protea mundii",1974,88,-33.625,25.125
"Protea mundii",1979,73,-33.875,25.125
"Protea mundii",1988,78,-34.625,19.375
"Protea mundii",1990,60,-33.875,23.125
"Protea mundii",1934,43,-33.875,25.125
"Protea mundii",1949,42,-33.875,23.125
"Protea mundii",1953,56,-33.875,23.625
"Protea mundii",1962,47,-34.125,20.375
"Protea mundii",1965,32,-33.875,23.625
"Protea mundii",1969,32,-33.875,23.625
"Protea mundii",1974,41,-33.625,25.125
"Protea mundii",1979,38,-34.375,21.375
"Protea mundii",2001,54,-33.875,23.625
"Protea mundii",1941,27,-33.875,23.625
"Protea mundii",1953,18,-34.125,24.125
"Protea mundii",1955,2,-33.875,23.625
"Protea mundii",1966,24,-33.875,22.625
"Protea mundii",1967,29,-33.875,23.125
"Protea mundii",1975,16,-33.625,25.375
"Protea neriifolia",1949,317,-34.125,24.875
"Protea neriifolia",1952,309,-34.125,24.875
"Protea neriifolia",1954,316,-34.625,20.125
"Protea neriifolia",1957,317,-33.625,21.625
"Protea neriifolia",1968,334,-33.875,23.125
"Protea neriifolia",1970,307,-33.625,22.875
"Protea neriifolia",1915,298,-33.875,18.375
"Protea neriifolia",1928,287,-33.875,24.375
"Protea neriifolia",1969,278,-34.125,18.875
"Protea neriifolia",1976,278,-33.875,19.125
"Protea neriifolia",1978,277,-33.125,19.125
"Protea neriifolia",1982,279,-33.625,20.625
"Protea neriifolia",1989,293,-33.875,19.625
"Protea neriifolia",1953,266,-33.625,24.125
"Protea neriifolia",1953,266,-33.625,24.875
"Protea neriifolia",1958,270,-34.125,18.875
"Protea neriifolia",1961,258,-33.875,18.875
"Protea neriifolia",1969,269,-33.875,24.625
"Protea neriifolia",1972,250,-34.125,18.875
"Protea neriifolia",1973,261,-33.625,23.875
"Protea neriifolia",1974,254,-33.375,26.375
"Protea neriifolia",1975,247,-33.875,23.875
"Protea neriifolia",1978,269,-33.875,24.125
"Protea neriifolia",1981,259,-33.875,21.125
"Protea neriifolia",1982,260,-33.125,18.625
"Protea neriifolia",1982,258,-33.375,20.625
"Protea neriifolia",2000,248,-33.875,23.875
"Protea neriifolia",1912,214,-33.875,24.375
"Protea neriifolia",1929,228,-33.875,21.125
"Protea neriifolia",1930,239,-33.875,25.375
"Protea neriifolia",1946,225,-33.875,18.875
"Protea neriifolia",1947,238,-33.875,25.625
"Protea neriifolia",1949,221,-33.875,21.125
"Protea neriifolia",1954,230,-31.625,21.625
"Protea neriifolia",1959,214,-33.875,22.125
"Protea neriifolia",1966,242,-33.875,25.625
"Protea neriifolia",1973,226,-33.875,25.125
"Protea neriifolia",1973,213,-34.375,21.875
"Protea neriifolia",1974,218,-33.875,25.625
"Protea neriifolia",1975,219,-34.125,19.125
"Protea neriifolia",1975,218,-33.625,23.375
"Protea neriifolia",1978,227,-33.875,19.125
"Protea neriifolia",1979,215,-33.625,22.875
"Protea neriifolia",1979,242,-33.875,21.125
"Protea neriifolia",1979,223,-33.875,24.125
"Protea neriifolia",1986,227,-33.875,18.875
"Protea neriifolia",1986,231,-33.875,22.125
"Protea neriifolia",1986,231,-33.875,21.125
"Protea neriifolia",1986,224,-33.125,19.375
"Protea neriifolia",1987,230,-33.625,21.875
"Protea neriifolia",1993,226,-34.125,22.375
"Protea neriifolia",1993,229,-34.375,18.875
"Protea neriifolia",1934,184,-34.125,24.875
"Protea neriifolia",1935,192,-33.625,23.375
"Protea neriifolia",1943,202,-33.625,19.125
"Protea neriifolia",1951,210,-33.875,25.375
"Protea neriifolia",1951,210,-33.875,25.125
"Protea neriifolia",1953,203,-33.375,19.125
"Protea neriifolia",1954,199,-33.875,22.375
"Protea neriifolia",1954,199,-33.625,22.125
"Protea neriifolia",1954,198,-33.625,22.125
"Protea neriifolia",1956,199,-33.375,19.125
"Protea neriifolia",1962,208,-34.375,20.625
"Protea neriifolia",1962,211,-34.375,19.875
"Protea neriifolia",1962,189,-33.625,19.875
"Protea neriifolia",1962,208,-34.625,20.125
"Protea neriifolia",1962,211,-33.875,21.125
"Protea neriifolia",1963,192,-33.875,18.875
"Protea neriifolia",1963,189,-33.625,19.875
"Protea neriifolia",1966,192,-33.875,23.875
"Protea neriifolia",1972,198,-33.875,20.375
"Protea neriifolia",1974,207,-33.875,20.375
"Protea neriifolia",1974,197,-33.875,23.625
"Protea neriifolia",1976,197,-34.125,19.875
"Protea neriifolia",1979,208,-33.625,21.375
"Protea neriifolia",2005,201,-33.625,19.125
"Protea neriifolia",1952,167,-33.875,18.875
"Protea neriifolia",1953,152,-33.875,18.875
"Protea neriifolia",1959,162,-34.125,18.875
"Protea neriifolia",1959,162,-33.875,18.875
"Protea neriifolia",1961,165,-33.875,22.375
"Protea neriifolia",1961,164,-33.875,21.125
"Protea neriifolia",1962,160,-33.625,23.125
"Protea neriifolia",1963,174,-33.875,18.375
"Protea neriifolia",1966,174,-34.125,19.875
"Protea neriifolia",1969,168,-33.875,20.375
"Protea neriifolia",1972,164,-33.875,18.375
"Protea neriifolia",1974,168,-34.625,20.125
"Protea neriifolia",1975,154,-34.375,18.875
"Protea neriifolia",1977,153,-33.625,21.375
"Protea neriifolia",1977,161,-33.875,18.875
"Protea neriifolia",1978,153,-33.875,25.125
"Protea neriifolia",1978,154,-33.875,23.125
"Protea neriifolia",1981,168,-33.625,18.875
"Protea neriifolia",1982,156,-33.875,18.875
"Protea neriifolia",1984,171,-34.375,20.625
"Protea neriifolia",1991,165,-33.875,21.875
"Protea neriifolia",1993,152,-34.375,18.875
"Protea neriifolia",2005,171,-34.375,20.625
"Protea neriifolia",1911,130,-34.125,21.625
"Protea neriifolia",1925,133,-34.125,23.125
"Protea neriifolia",1930,132,-33.875,21.125
"Protea neriifolia",1940,143,-33.875,18.375
"Protea neriifolia",1952,145,-33.875,20.625
"Protea neriifolia",1956,148,-33.875,22.125
"Protea neriifolia",1959,136,-33.875,18.875
"Protea neriifolia",1960,130,-34.125,23.125
"Protea neriifolia",1963,144,-33.625,22.125
"Protea neriifolia",1964,145,-33.625,22.125
"Protea neriifolia",1969,130,-34.125,19.125
"Protea neriifolia",1970,149,-33.875,18.875
"Protea neriifolia",1970,134,-33.625,23.125
"Protea neriifolia",1972,125,-33.875,22.625
"Protea neriifolia",1972,123,-33.625,24.375
"Protea neriifolia",1974,142,-33.875,23.625
"Protea neriifolia",1977,150,-33.625,19.375
"Protea neriifolia",1978,123,-33.875,23.125
"Protea neriifolia",1978,134,-34.125,21.625
"Protea neriifolia",1979,134,-34.125,21.125
"Protea neriifolia",1980,133,-33.125,19.125
"Protea neriifolia",1983,137,-33.625,24.125
"Protea neriifolia",1984,146,-34.125,22.375
"Protea neriifolia",1985,121,-34.375,20.625
"Protea neriifolia",1986,147,-33.875,20.875
"Protea neriifolia",1947,117,-33.875,24.125
"Protea neriifolia",1949,105,-33.875,18.875
"Protea neriifolia",1959,94,-33.875,21.875
"Protea neriifolia",1960,108,-33.875,18.875
"Protea neriifolia",1961,107,-32.875,19.375
"Protea neriifolia",1968,119,-34.125,18.875
"Protea neriifolia",1971,112,-34.125,19.625
"Protea neriifolia",1971,112,-34.125,19.875
"Protea neriifolia",1974,103,-34.125,19.875
"Protea neriifolia",1974,100,-33.625,25.125
"Protea neriifolia",1979,94,-33.875,22.125
"Protea neriifolia",1979,101,-34.375,20.625
"Protea neriifolia",1981,119,-33.875,19.875
"Protea neriifolia",1987,97,-33.625,23.875
"Protea neriifolia",1925,65,-33.875,23.125
"Protea neriifolia",1965,62,-33.875,23.875
"Protea neriifolia",1967,77,-34.125,18.875
"Protea neriifolia",1970,76,-33.875,22.375
"Protea neriifolia",1974,82,-33.625,25.125
"Protea neriifolia",1979,73,-33.875,25.125
"Protea neriifolia",1983,74,-33.625,21.375
"Protea neriifolia",1988,77,-34.375,20.625
"Protea neriifolia",1990,60,-33.875,23.125
"Protea neriifolia",2002,72,-33.125,22.375
"Protea neriifolia",1940,54,-34.125,24.125
"Protea neriifolia",1966,33,-33.875,23.625
"Protea neriifolia",2001,54,-33.875,23.375
"Protea neriifolia",2001,54,-33.875,23.625
"Protea neriifolia",2003,37,-33.875,22.375
"Protea neriifolia",1953,19,-33.875,23.875
"Protea neriifolia",1968,28,-33.875,23.625
"Protea neriifolia",1969,17,-34.125,19.375
"Protea neriifolia",1969,17,-33.875,23.125
"Protea neriifolia",1969,30,-33.875,21.125
"Protea nitida",1908,333,-33.375,19.375
"Protea nitida",1974,316,-33.625,21.375
"Protea nitida",1915,298,-33.875,18.625
"Protea nitida",1923,302,-32.375,19.125
"Protea nitida",1952,276,-33.875,20.375
"Protea nitida",1973,282,-33.875,19.125
"Protea nitida",1973,283,-31.875,18.875
"Protea nitida",1974,294,-33.625,19.125
"Protea nitida",1989,293,-33.875,19.625
"Protea nitida",1989,287,-31.375,19.125
"Protea nitida",1991,274,-33.125,18.875
"Protea nitida",1928,260,-34.125,18.375
"Protea nitida",1947,259,-34.125,18.875
"Protea nitida",1964,245,-33.375,19.375
"Protea nitida",1968,256,-33.875,18.625
"Protea nitida",1970,247,-34.125,19.375
"Protea nitida",1970,246,-33.875,19.125
"Protea nitida",1972,251,-32.375,18.875
"Protea nitida",1977,270,-32.625,18.875
"Protea nitida",1981,259,-33.875,21.125
"Protea nitida",2000,259,-33.875,23.875
"Protea nitida",1924,216,-33.875,18.875
"Protea nitida",1933,215,-33.875,18.375
"Protea nitida",1952,235,-32.125,18.875
"Protea nitida",1961,229,-34.125,18.875
"Protea nitida",1966,232,-34.125,19.875
"Protea nitida",1968,226,-31.375,18.625
"Protea nitida",1968,226,-31.875,18.875
"Protea nitida",1969,235,-33.625,21.375
"Protea nitida",1977,229,-33.875,20.375
"Protea nitida",1979,229,-33.875,18.875
"Protea nitida",1986,225,-32.375,19.125
"Protea nitida",1986,229,-33.875,20.125
"Protea nitida",1986,228,-33.875,19.625
"Protea nitida",1986,227,-33.875,18.875
"Protea nitida",1986,231,-33.875,21.125
"Protea nitida",1986,231,-33.875,20.875
"Protea nitida",1987,224,-33.625,21.875
"Protea nitida",2001,221,-31.375,19.125
"Protea nitida",1928,212,-33.875,19.125
"Protea nitida",1942,207,-34.125,18.875
"Protea nitida",1948,197,-33.875,21.125
"Protea nitida",1953,199,-33.875,20.125
"Protea nitida",1959,204,-34.125,18.375
"Protea nitida",1963,189,-33.625,19.875
"Protea nitida",1965,208,-32.375,22.125
"Protea nitida",1965,208,-33.375,22.125
"Protea nitida",1972,198,-33.875,20.375
"Protea nitida",1974,195,-31.875,18.625
"Protea nitida",1974,194,-31.625,18.875
"Protea nitida",1974,204,-34.375,19.375
"Protea nitida",1979,186,-33.875,18.875
"Protea nitida",1988,194,-33.625,18.875
"Protea nitida",1916,161,-34.125,18.375
"Protea nitida",1946,152,-34.125,18.375
"Protea nitida",1957,152,-33.875,20.125
"Protea nitida",1966,174,-34.125,19.875
"Protea nitida",1970,155,-34.125,20.375
"Protea nitida",1972,174,-33.875,20.375
"Protea nitida",1973,154,-33.875,23.125
"Protea nitida",1974,177,-33.375,22.125
"Protea nitida",1974,169,-33.625,24.375
"Protea nitida",1977,161,-33.875,18.875
"Protea nitida",1978,166,-33.875,18.875
"Protea nitida",1979,159,-32.125,18.875
"Protea nitida",1979,154,-33.375,18.875
"Protea nitida",1979,162,-34.125,18.875
"Protea nitida",1979,158,-33.125,19.125
"Protea nitida",1913,144,-34.125,21.625
"Protea nitida",1919,147,-33.375,21.375
"Protea nitida",1936,147,-33.875,18.875
"Protea nitida",1940,147,-33.875,18.375
"Protea nitida",1943,145,-33.875,18.875
"Protea nitida",1944,140,-33.875,18.375
"Protea nitida",1955,150,-34.125,18.375
"Protea nitida",1967,149,-34.125,21.625
"Protea nitida",1970,134,-33.625,24.375
"Protea nitida",1970,134,-33.625,23.125
"Protea nitida",1971,141,-33.875,20.875
"Protea nitida",1972,126,-33.875,21.875
"Protea nitida",1972,123,-33.875,24.375
"Protea nitida",1972,125,-33.875,24.125
"Protea nitida",1974,131,-33.625,25.125
"Protea nitida",1974,140,-33.875,19.375
"Protea nitida",1979,125,-34.375,19.375
"Protea nitida",1949,105,-33.875,18.875
"Protea nitida",1956,117,-33.625,19.125
"Protea nitida",1963,94,-33.375,22.125
"Protea nitida",1973,108,-33.375,22.625
"Protea nitida",1977,110,-33.375,21.875
"Protea nitida",1978,101,-31.375,19.125
"Protea nitida",1978,95,-31.875,18.875
"Protea nitida",1978,105,-32.125,19.125
"Protea nitida",1978,100,-31.875,18.875
"Protea nitida",1981,119,-33.875,19.875
"Protea nitida",1989,115,-33.625,19.625
"Protea nitida",1950,77,-33.625,19.125
"Protea nitida",1962,88,-33.625,18.875
"Protea nitida",1964,79,-33.375,19.875
"Protea nitida",1964,79,-33.375,19.375
"Protea nitida",1966,69,-32.375,19.125
"Protea nitida",1976,79,-33.875,22.125
"Protea nitida",1983,63,-32.125,19.125
"Protea nitida",1988,72,-33.625,23.125
"Protea nitida",1988,76,-34.625,19.375
"Protea nitida",1900,38,-33.625,18.375
"Protea nitida",1978,38,-32.375,19.125
"Protea nitida",1978,38,-33.625,18.625
"Protea nitida",1978,33,-33.875,18.875
"Protea nitida",1978,41,-32.375,19.125
"Protea nitida",1979,43,-33.875,19.625
"Protea nitida",1970,12,-33.875,20.375
"Protea nitida",1970,21,-33.375,21.375
"Protea obtusifolia",1951,341,-34.375,21.375
"Protea obtusifolia",1954,317,-34.375,20.625
"Protea obtusifolia",1954,316,-34.375,20.625
"Protea obtusifolia",2001,320,-33.375,19.375
"Protea obtusifolia",2001,320,-34.875,20.125
"Protea obtusifolia",2002,326,-33.375,19.375
"Protea obtusifolia",1959,280,-34.625,20.375
"Protea obtusifolia",1961,294,-34.875,20.125
"Protea obtusifolia",1987,286,-34.625,20.125
"Protea obtusifolia",1931,252,-34.125,21.375
"Protea obtusifolia",1949,268,-34.625,20.125
"Protea obtusifolia",1949,268,-34.625,19.875
"Protea obtusifolia",1953,268,-34.625,20.125
"Protea obtusifolia",1954,271,-34.625,19.375
"Protea obtusifolia",1954,271,-34.375,21.125
"Protea obtusifolia",1954,272,-34.625,20.125
"Protea obtusifolia",1940,216,-34.625,19.875
"Protea obtusifolia",1946,237,-34.625,19.375
"Protea obtusifolia",1949,221,-34.375,21.375
"Protea obtusifolia",1960,222,-34.375,21.875
"Protea obtusifolia",1965,241,-34.375,21.375
"Protea obtusifolia",1968,235,-34.375,19.375
"Protea obtusifolia",1986,231,-34.375,20.875
"Protea obtusifolia",1940,207,-34.125,21.625
"Protea obtusifolia",1953,196,-34.625,19.375
"Protea obtusifolia",1968,210,-34.375,21.125
"Protea obtusifolia",1970,209,-34.375,20.375
"Protea obtusifolia",1972,184,-34.375,20.625
"Protea obtusifolia",1985,195,-33.375,26.375
"Protea obtusifolia",1913,155,-34.375,21.625
"Protea obtusifolia",1934,155,-33.875,18.375
"Protea obtusifolia",1934,155,-34.125,21.625
"Protea obtusifolia",1947,152,-34.125,19.375
"Protea obtusifolia",1950,161,-34.625,19.375
"Protea obtusifolia",1950,162,-34.625,19.375
"Protea obtusifolia",1970,160,-34.625,20.375
"Protea obtusifolia",1974,164,-34.375,20.625
"Protea obtusifolia",1978,168,-34.625,19.375
"Protea obtusifolia",1979,169,-34.375,20.625
"Protea obtusifolia",1984,171,-34.375,20.625
"Protea obtusifolia",1984,170,-34.375,20.875
"Protea obtusifolia",1913,133,-34.375,21.625
"Protea obtusifolia",1913,150,-34.375,21.625
"Protea obtusifolia",1962,142,-34.625,19.375
"Protea obtusifolia",1979,146,-34.375,21.375
"Protea obtusifolia",1984,149,-34.375,20.875
"Protea obtusifolia",1987,135,-34.375,21.625
"Protea obtusifolia",1957,98,-34.375,20.375
"Protea obtusifolia",1962,111,-34.375,21.375
"Protea obtusifolia",1979,101,-34.375,20.625
"Protea obtusifolia",1979,99,-34.625,19.375
"Protea obtusifolia",1979,101,-34.375,20.375
"Protea obtusifolia",1979,99,-34.375,19.375
"Protea obtusifolia",1979,100,-34.625,19.625
"Protea obtusifolia",1982,91,-33.625,18.875
"Protea obtusifolia",2008,108,-34.375,19.125
"Protea obtusifolia",1964,83,-34.375,19.125
"Protea obtusifolia",1978,74,-34.375,21.125
"Protea obtusifolia",1978,73,-34.375,21.375
"Protea obtusifolia",1981,71,-34.625,19.375
"Protea obtusifolia",1987,63,-34.625,19.375
"Protea obtusifolia",1963,36,-34.375,20.375
"Protea obtusifolia",1934,26,-34.625,20.125
"Protea punctata",1928,362,-33.375,22.125
"Protea punctata",1959,327,-33.625,19.875
"Protea punctata",1963,288,-33.125,19.625
"Protea punctata",1982,303,-33.375,19.375
"Protea punctata",1993,278,-33.625,20.875
"Protea punctata",1923,261,-33.375,23.125
"Protea punctata",1956,247,-33.125,19.375
"Protea punctata",1967,263,-33.375,23.125
"Protea punctata",1975,252,-33.625,23.875
"Protea punctata",1989,259,-33.375,22.125
"Protea punctata",1930,236,-33.375,23.125
"Protea punctata",1966,229,-33.625,22.125
"Protea punctata",1969,236,-33.875,19.625
"Protea punctata",1979,215,-33.625,22.875
"Protea punctata",1986,231,-33.375,22.125
"Protea punctata",1987,238,-33.375,20.625
"Protea punctata",1953,197,-32.375,19.125
"Protea punctata",1964,194,-33.125,19.625
"Protea punctata",1965,208,-33.375,22.125
"Protea punctata",1966,192,-33.375,22.125
"Protea punctata",1986,207,-33.125,23.625
"Protea punctata",1934,155,-34.125,19.625
"Protea punctata",1955,170,-33.375,22.125
"Protea punctata",1964,155,-33.125,19.125
"Protea punctata",1971,153,-33.625,21.375
"Protea punctata",1972,155,-32.375,19.125
"Protea punctata",1973,163,-33.625,23.875
"Protea punctata",1994,155,-33.625,21.375
"Protea punctata",1925,141,-33.375,20.625
"Protea punctata",1938,128,-33.375,22.125
"Protea punctata",1953,123,-32.375,19.125
"Protea punctata",1953,123,-32.625,19.375
"Protea punctata",1953,123,-32.375,19.375
"Protea punctata",1955,124,-33.375,21.375
"Protea punctata",1957,142,-33.375,21.375
"Protea punctata",1961,133,-33.375,22.125
"Protea punctata",1966,136,-32.625,19.125
"Protea punctata",1973,136,-33.625,19.625
"Protea punctata",1977,132,-33.375,21.125
"Protea punctata",1980,132,-33.125,19.125
"Protea punctata",1983,128,-33.875,19.125
"Protea punctata",1956,117,-33.375,22.125
"Protea punctata",1958,115,-33.375,22.125
"Protea punctata",1963,94,-33.375,22.125
"Protea punctata",1971,98,-33.875,19.625
"Protea punctata",1973,115,-33.375,21.375
"Protea punctata",1977,110,-33.625,22.125
"Protea punctata",1926,83,-33.375,22.125
"Protea punctata",1941,89,-33.375,22.125
"Protea punctata",1951,84,-34.375,19.875
"Protea punctata",1955,86,-33.125,19.125
"Protea punctata",1962,77,-33.625,19.125
"Protea punctata",1964,79,-33.375,19.375
"Protea punctata",1966,71,-33.625,23.375
"Protea punctata",1970,85,-33.375,22.125
"Protea punctata",1970,85,-33.625,22.125
"Protea punctata",1972,75,-33.875,19.375
"Protea punctata",1977,88,-33.625,22.875
"Protea punctata",1981,70,-33.125,19.375
"Protea punctata",1981,70,-33.875,19.875
"Protea punctata",1983,86,-33.875,22.375
"Protea punctata",1988,72,-33.625,22.875
"Protea punctata",1989,73,-33.375,22.125
"Protea punctata",1954,43,-33.375,22.125
"Protea punctata",1968,41,-33.125,19.375
"Protea punctata",1969,32,-33.875,23.625
"Protea punctata",1986,52,-33.375,21.375
"Protea punctata",2002,58,-33.375,19.375
"Protea punctata",1953,25,-33.375,22.375
"Protea punctata",1961,2,-33.125,22.125
"Protea punctata",1987,24,-33.375,21.125
"Protea repens",1921,351,-33.625,19.375
"Protea repens",1928,362,-33.375,21.375
"Protea repens",1959,342,-33.875,18.875
"Protea repens",1960,351,-34.375,19.125
"Protea repens",1925,324,-33.875,21.125
"Protea repens",1930,322,-31.375,19.125
"Protea repens",1960,319,-33.875,21.125
"Protea repens",1954,281,-33.625,26.875
"Protea repens",1974,294,-33.625,25.375
"Protea repens",1989,293,-33.875,19.625
"Protea repens",1993,280,-33.625,20.875
"Protea repens",1923,261,-33.375,23.125
"Protea repens",1928,273,-33.875,18.875
"Protea repens",1928,273,-34.125,18.875
"Protea repens",1930,250,-33.375,25.375
"Protea repens",1941,267,-34.625,19.625
"Protea repens",1943,251,-33.875,18.875
"Protea repens",1958,271,-34.125,18.875
"Protea repens",1964,245,-31.875,19.125
"Protea repens",1964,246,-31.875,19.125
"Protea repens",1965,268,-33.875,19.625
"Protea repens",1973,250,-33.625,23.125
"Protea repens",1978,269,-34.375,21.625
"Protea repens",1988,268,-33.625,19.125
"Protea repens",1993,247,-34.125,18.875
"Protea repens",1946,234,-33.875,18.625
"Protea repens",1949,221,-33.875,21.125
"Protea repens",1949,218,-33.375,21.375
"Protea repens",1954,230,-33.625,21.375
"Protea repens",1963,226,-30.375,29.125
"Protea repens",1974,226,-33.625,25.125
"Protea repens",1982,216,-33.375,26.875
"Protea repens",1986,231,-33.375,22.125
"Protea repens",1986,224,-32.625,19.375
"Protea repens",1986,231,-33.875,21.125
"Protea repens",1986,229,-33.625,19.625
"Protea repens",1986,225,-31.375,19.125
"Protea repens",1986,224,-33.125,19.375
"Protea repens",1986,228,-33.875,19.625
"Protea repens",1986,227,-33.875,18.875
"Protea repens",1987,230,-33.625,21.875
"Protea repens",1987,238,-33.375,20.625
"Protea repens",1993,222,-33.625,20.625
"Protea repens",1935,192,-34.375,21.375
"Protea repens",1943,202,-33.625,19.125
"Protea repens",1955,191,-34.375,19.375
"Protea repens",1956,199,-33.875,20.125
"Protea repens",1961,209,-33.625,19.125
"Protea repens",1961,209,-33.625,18.875
"Protea repens",1962,193,-34.375,19.875
"Protea repens",1962,193,-34.375,19.625
"Protea repens",1966,191,-33.625,18.875
"Protea repens",1966,200,-34.125,18.875
"Protea repens",1966,192,-33.375,22.125
"Protea repens",1966,191,-33.625,19.125
"Protea repens",1974,197,-33.875,23.625
"Protea repens",1974,193,-31.625,18.875
"Protea repens",1981,195,-34.375,18.875
"Protea repens",2005,201,-33.625,19.125
"Protea repens",1931,172,-31.375,19.125
"Protea repens",1951,171,-33.875,18.875
"Protea repens",1952,167,-33.875,18.875
"Protea repens",1955,161,-31.375,19.125
"Protea repens",1957,152,-33.625,19.625
"Protea repens",1957,152,-33.875,20.125
"Protea repens",1962,159,-33.625,23.125
"Protea repens",1962,161,-33.875,19.125
"Protea repens",1963,179,-33.875,18.875
"Protea repens",1966,174,-34.125,19.875
"Protea repens",1966,172,-33.875,18.875
"Protea repens",1966,178,-33.375,22.625
"Protea repens",1968,180,-34.125,19.125
"Protea repens",1970,168,-34.375,18.875
"Protea repens",1972,169,-34.125,18.375
"Protea repens",1972,169,-34.125,19.375
"Protea repens",1974,179,-33.375,22.125
"Protea repens",1977,161,-33.875,18.875
"Protea repens",1979,162,-34.375,19.875
"Protea repens",1979,164,-34.375,20.375
"Protea repens",1981,168,-33.625,18.875
"Protea repens",1984,171,-34.375,20.375
"Protea repens",1984,171,-34.375,20.625
"Protea repens",1911,130,-33.375,23.125
"Protea repens",1916,136,-34.125,18.375
"Protea repens",1930,132,-33.375,22.125
"Protea repens",1940,136,-33.875,18.375
"Protea repens",1943,149,-33.875,18.375
"Protea repens",1952,151,-33.375,19.375
"Protea repens",1954,150,-34.125,18.375
"Protea repens",1958,131,-33.125,19.375
"Protea repens",1961,130,-34.125,21.625
"Protea repens",1969,142,-33.875,19.125
"Protea repens",1970,146,-33.625,18.375
"Protea repens",1971,132,-33.375,26.375
"Protea repens",1972,123,-33.625,24.375
"Protea repens",1973,129,-34.375,19.125
"Protea repens",1974,128,-34.375,19.375
"Protea repens",1977,144,-33.375,21.125
"Protea repens",1977,150,-33.625,19.375
"Protea repens",1979,146,-33.875,18.625
"Protea repens",1979,133,-34.375,19.375
"Protea repens",1979,121,-33.625,18.625
"Protea repens",1982,144,-33.625,26.375
"Protea repens",1983,137,-33.625,24.125
"Protea repens",1983,135,-33.625,24.125
"Protea repens",1984,136,-34.375,20.375
"Protea repens",1985,121,-34.375,20.625
"Protea repens",1987,135,-34.375,21.625
"Protea repens",1917,116,-34.125,18.375
"Protea repens",1918,106,-34.125,18.625
"Protea repens",1936,102,-33.875,18.875
"Protea repens",1940,116,-34.125,19.375
"Protea repens",1948,116,-34.375,18.875
"Protea repens",1949,105,-33.875,18.875
"Protea repens",1953,95,-33.875,20.375
"Protea repens",1953,95,-32.875,19.125
"Protea repens",1956,107,-34.125,21.625
"Protea repens",1959,110,-33.875,18.875
"Protea repens",1959,99,-33.875,18.875
"Protea repens",1960,107,-33.375,19.875
"Protea repens",1962,102,-33.125,19.125
"Protea repens",1962,105,-34.125,22.125
"Protea repens",1962,105,-25.625,29.375
"Protea repens",1963,94,-33.375,22.125
"Protea repens",1971,106,-33.375,20.625
"Protea repens",1974,103,-34.125,19.875
"Protea repens",1974,104,-34.125,19.375
"Protea repens",1978,101,-31.375,19.125
"Protea repens",1979,99,-34.125,19.125
"Protea repens",1979,100,-34.625,19.875
"Protea repens",1979,101,-34.375,20.625
"Protea repens",1985,119,-34.375,20.375
"Protea repens",1986,95,-33.375,25.375
"Protea repens",1987,97,-33.625,23.875
"Protea repens",1990,105,-33.875,18.875
"Protea repens",1992,113,-34.375,18.875
"Protea repens",1935,75,-33.125,26.625
"Protea repens",1949,76,-33.625,19.375
"Protea repens",1964,79,-34.125,19.875
"Protea repens",1965,61,-33.375,26.875
"Protea repens",1973,89,-33.625,24.625
"Protea repens",1978,64,-32.375,19.125
"Protea repens",1978,72,-34.125,21.125
"Protea repens",1978,74,-34.375,20.625
"Protea repens",1979,89,-34.375,21.375
"Protea repens",1981,72,-33.375,21.375
"Protea repens",1985,74,-34.375,18.875
"Protea repens",1986,62,-33.625,20.125
"Protea repens",1988,76,-34.375,19.125
"Protea repens",1940,52,-33.875,20.625
"Protea repens",1966,47,-33.875,22.375
"Protea repens",1968,41,-33.125,19.375
"Protea repens",1974,50,-33.625,25.375
"Protea repens",1977,55,-33.375,22.875
"Protea repens",1977,34,-33.625,22.875
"Protea repens",1978,34,-33.875,18.875
"Protea repens",1978,34,-33.875,19.875
"Protea repens",1978,37,-33.625,18.375
"Protea repens",1979,43,-33.875,19.625
"Protea repens",1986,51,-33.375,21.375
"Protea repens",1987,35,-34.125,24.125
"Protea repens",1953,28,-33.875,18.875
"Protea repens",1961,4,-33.375,21.375
"Protea repens",1966,14,-33.375,18.875
"Protea repens",1967,8,-34.125,21.625
"Protea repens",1969,17,-34.375,18.875
"Protea repens",1971,10,-33.875,25.625
"Protea repens",1979,14,-33.875,19.625
"Protea repens",1986,12,-33.125,26.125
"Protea scabra",1962,351,-32.875,18.625
"Protea scabra",1962,351,-32.375,18.375
"Protea scabra",1993,338,-33.375,19.125
"Protea scabra",1952,317,-34.375,18.875
"Protea scabra",1952,324,-34.375,19.125
"Protea scabra",1972,319,-34.125,20.375
"Protea scabra",1947,278,-34.375,19.125
"Protea scabra",1958,280,-34.375,19.125
"Protea scabra",1963,291,-33.875,19.625
"Protea scabra",1976,278,-33.875,19.375
"Protea scabra",1942,249,-34.375,18.875
"Protea scabra",1948,249,-34.375,18.875
"Protea scabra",1953,247,-34.125,19.125
"Protea scabra",1954,261,-33.875,19.125
"Protea scabra",1955,247,-34.375,19.125
"Protea scabra",1958,271,-34.125,18.875
"Protea scabra",1962,256,-34.125,19.625
"Protea scabra",1962,244,-34.375,19.375
"Protea scabra",1962,264,-34.375,20.625
"Protea scabra",1962,263,-34.375,18.875
"Protea scabra",1962,263,-34.375,19.125
"Protea scabra",1964,255,-34.125,19.375
"Protea scabra",1969,253,-33.875,20.375
"Protea scabra",1972,273,-32.875,19.125
"Protea scabra",1972,250,-34.125,18.875
"Protea scabra",1987,260,-34.125,19.125
"Protea scabra",1989,268,-34.125,19.625
"Protea scabra",1938,223,-34.125,19.125
"Protea scabra",1938,224,-34.375,19.125
"Protea scabra",1952,217,-34.125,20.375
"Protea scabra",1953,229,-34.375,18.875
"Protea scabra",1953,228,-34.125,19.125
"Protea scabra",1953,225,-34.375,18.875
"Protea scabra",1953,232,-34.375,19.375
"Protea scabra",1962,219,-34.375,19.375
"Protea scabra",1969,220,-34.375,18.875
"Protea scabra",1971,240,-34.375,18.875
"Protea scabra",1974,227,-34.375,19.375
"Protea scabra",1975,238,-34.375,18.875
"Protea scabra",1976,227,-34.125,19.625
"Protea scabra",1977,231,-33.875,20.375
"Protea scabra",1934,185,-33.125,19.375
"Protea scabra",1940,199,-34.375,19.125
"Protea scabra",1947,198,-34.125,19.125
"Protea scabra",1948,202,-34.375,19.125
"Protea scabra",1954,191,-34.125,19.375
"Protea scabra",1959,200,-34.375,19.125
"Protea scabra",1962,203,-34.375,19.125
"Protea scabra",1974,209,-33.875,20.375
"Protea scabra",1979,198,-34.375,19.375
"Protea scabra",1954,156,-34.125,19.125
"Protea scabra",1979,157,-34.375,19.125
"Protea scabra",1992,132,-34.375,18.875
"Protea scabra",1960,107,-33.875,19.375
"Protea scabra",1979,99,-34.125,19.125
"Protea scabra",1979,100,-34.625,19.625
"Protea scabra",1993,114,-34.125,19.125
"Protea scabra",1960,90,-34.125,18.875
"Protea scabra",1961,87,-33.625,18.875
"Protea scabra",1972,78,-32.875,18.625
"Protea scabra",1978,75,-34.625,19.875
"Protea scabra",1970,51,-33.875,19.125
"Protea scabra",1934,4,-34.375,19.125
"Protea scabra",1967,10,-32.875,18.625
"Protea scabra",2004,20,-33.875,19.375
"Protea scolopendriifolia",1928,362,-33.125,22.125
"Protea scolopendriifolia",1928,361,-33.125,22.125
"Protea scolopendriifolia",1976,345,-33.375,22.125
"Protea scolopendriifolia",1976,344,-32.875,19.375
"Protea scolopendriifolia",1981,344,-33.375,19.625
"Protea scolopendriifolia",1997,364,-33.875,19.375
"Protea scolopendriifolia",1956,315,-32.875,19.375
"Protea scolopendriifolia",1959,327,-33.875,19.875
"Protea scolopendriifolia",1970,307,-33.625,22.875
"Protea scolopendriifolia",1977,328,-33.125,19.125
"Protea scolopendriifolia",1978,309,-33.375,22.625
"Protea scolopendriifolia",1923,291,-32.625,19.375
"Protea scolopendriifolia",1929,284,-33.375,19.125
"Protea scolopendriifolia",1955,274,-33.875,19.625
"Protea scolopendriifolia",1958,303,-32.375,19.125
"Protea scolopendriifolia",1963,288,-33.125,19.625
"Protea scolopendriifolia",1963,281,-33.625,19.125
"Protea scolopendriifolia",1963,291,-33.875,19.875
"Protea scolopendriifolia",1965,301,-33.875,19.375
"Protea scolopendriifolia",1966,292,-33.875,20.875
"Protea scolopendriifolia",1970,294,-33.125,19.125
"Protea scolopendriifolia",1988,304,-33.625,19.625
"Protea scolopendriifolia",1995,288,-32.375,19.125
"Protea scolopendriifolia",2007,297,-33.375,22.125
"Protea scolopendriifolia",1926,246,-33.625,18.875
"Protea scolopendriifolia",1936,269,-32.625,19.125
"Protea scolopendriifolia",1937,267,-32.375,19.125
"Protea scolopendriifolia",1945,252,-32.625,19.125
"Protea scolopendriifolia",1953,256,-33.375,19.125
"Protea scolopendriifolia",1953,256,-33.125,19.125
"Protea scolopendriifolia",1959,252,-33.875,19.375
"Protea scolopendriifolia",1962,248,-33.125,19.125
"Protea scolopendriifolia",1963,245,-32.375,19.125
"Protea scolopendriifolia",1963,262,-32.375,19.375
"Protea scolopendriifolia",1967,261,-33.625,22.875
"Protea scolopendriifolia",1967,261,-33.625,23.875
"Protea scolopendriifolia",1969,263,-33.875,18.875
"Protea scolopendriifolia",1971,252,-33.625,19.875
"Protea scolopendriifolia",1976,262,-33.625,18.875
"Protea scolopendriifolia",1977,249,-33.625,22.875
"Protea scolopendriifolia",1964,231,-33.375,19.375
"Protea scolopendriifolia",1973,227,-32.375,19.125
"Protea scolopendriifolia",1986,229,-33.625,19.625
"Protea scolopendriifolia",1988,222,-33.375,20.625
"Protea scolopendriifolia",1972,204,-32.375,19.125
"Protea scolopendriifolia",1964,158,-33.875,20.125
"Protea scolopendriifolia",1966,160,-33.375,22.125
"Protea scolopendriifolia",1995,124,-33.625,23.375
"Protea scolopendriifolia",1966,71,-33.625,23.375
"Protea scolopendriifolia",1995,82,-33.375,21.375
"Protea scolopendriifolia",1997,34,-33.375,21.125
"Protea scolopendriifolia",1997,34,-33.375,21.375
"Protea scolopendriifolia",1942,2,-33.125,19.625
"Protea scolopendriifolia",1975,4,-33.375,22.125
"Protea scolopendriifolia",1981,10,-33.375,21.375
"Protea scolymocephala",1915,321,-34.125,18.375
"Protea scolymocephala",1953,332,-34.125,18.375
"Protea scolymocephala",1955,313,-33.625,18.375
"Protea scolymocephala",1960,323,-34.125,18.625
"Protea scolymocephala",1961,309,-33.625,18.625
"Protea scolymocephala",1974,318,-33.625,18.375
"Protea scolymocephala",1983,328,-34.125,18.375
"Protea scolymocephala",1923,281,-34.125,18.625
"Protea scolymocephala",1927,288,-33.875,18.625
"Protea scolymocephala",1927,288,-33.625,18.625
"Protea scolymocephala",1933,291,-33.375,18.625
"Protea scolymocephala",1943,274,-33.125,18.375
"Protea scolymocephala",1945,281,-33.875,18.625
"Protea scolymocephala",1947,289,-33.375,18.375
"Protea scolymocephala",1956,292,-33.875,18.375
"Protea scolymocephala",1967,280,-34.125,18.375
"Protea scolymocephala",1967,281,-34.125,18.875
"Protea scolymocephala",1968,300,-34.375,19.125
"Protea scolymocephala",1968,278,-34.125,18.875
"Protea scolymocephala",1968,300,-34.375,19.375
"Protea scolymocephala",1978,277,-33.375,18.875
"Protea scolymocephala",1986,292,-32.625,18.375
"Protea scolymocephala",1906,255,-33.375,19.125
"Protea scolymocephala",1909,247,-34.125,18.375
"Protea scolymocephala",1911,270,-32.625,18.875
"Protea scolymocephala",1928,260,-34.125,18.375
"Protea scolymocephala",1929,250,-32.875,18.625
"Protea scolymocephala",1934,266,-32.375,18.625
"Protea scolymocephala",1938,244,-33.875,18.625
"Protea scolymocephala",1940,252,-33.875,18.375
"Protea scolymocephala",1941,249,-34.125,18.375
"Protea scolymocephala",1945,271,-33.875,18.625
"Protea scolymocephala",1946,257,-34.125,18.875
"Protea scolymocephala",1949,260,-34.375,19.125
"Protea scolymocephala",1954,268,-33.375,18.625
"Protea scolymocephala",1958,251,-33.875,18.375
"Protea scolymocephala",1961,258,-33.875,18.875
"Protea scolymocephala",1962,264,-33.625,18.625
"Protea scolymocephala",1962,245,-34.375,19.125
"Protea scolymocephala",1965,264,-34.125,20.375
"Protea scolymocephala",1966,268,-34.375,18.375
"Protea scolymocephala",1969,259,-33.625,18.375
"Protea scolymocephala",1973,249,-33.625,18.625
"Protea scolymocephala",1973,247,-34.375,19.125
"Protea scolymocephala",1973,247,-34.375,18.875
"Protea scolymocephala",1975,247,-33.125,18.375
"Protea scolymocephala",1978,255,-33.875,18.625
"Protea scolymocephala",2000,262,-34.125,18.875
"Protea scolymocephala",1929,230,-33.375,18.375
"Protea scolymocephala",1938,242,-34.625,20.125
"Protea scolymocephala",1940,230,-34.125,18.375
"Protea scolymocephala",1969,224,-33.625,18.625
"Protea scolymocephala",1971,219,-33.875,18.625
"Protea scolymocephala",1975,241,-31.375,18.625
"Protea scolymocephala",1975,241,-32.375,18.625
"Protea scolymocephala",1982,224,-34.375,19.125
"Protea scolymocephala",1954,206,-33.125,18.375
"Protea scolymocephala",1966,202,-32.375,18.625
"Protea scolymocephala",1979,187,-33.375,20.625
"Protea scolymocephala",1980,193,-33.625,19.625
"Protea scolymocephala",1948,178,-34.125,18.625
"Protea scolymocephala",1984,109,-33.625,18.875
"Protea scolymocephala",2005,118,-34.125,18.375
"Protea scolymocephala",1962,53,-34.125,18.625
"Protea scolymocephala",1962,53,-33.625,18.625
"Protea simplex",1913,335,-29.875,30.875
"Protea simplex",1940,350,-32.625,26.875
"Protea simplex",1944,353,-31.125,30.125
"Protea simplex",1955,341,-26.375,31.125
"Protea simplex",1985,344,-31.125,30.125
"Protea simplex",1986,338,-31.375,29.625
"Protea simplex",1987,361,-30.875,30.125
"Protea simplex",1924,312,-29.625,18.625
"Protea simplex",1945,331,-32.375,28.625
"Protea simplex",1945,330,-32.375,28.625
"Protea simplex",1993,320,-27.625,32.625
"Protea simplex",1910,275,-32.875,28.125
"Protea simplex",1910,275,-33.125,27.875
"Protea simplex",1973,293,-32.875,28.125
"Protea simplex",1914,246,-29.875,31.125
"Protea simplex",1953,229,-30.375,30.125
"Protea simplex",1988,214,-32.375,28.875
"Protea simplex",1966,207,-30.875,30.375
"Protea simplex",1970,194,-30.625,29.625
"Protea simplex",1971,182,-32.875,28.125
"Protea simplex",1988,212,-32.625,28.625
"Protea simplex",1995,199,-31.125,30.125
"Protea simplex",1978,152,-32.625,27.375
"Protea simplex",1979,177,-30.875,30.375
"Protea simplex",1979,177,-31.125,30.125
"Protea simplex",2000,164,-31.375,29.875
"Protea simplex",1927,136,-33.125,27.875
"Protea simplex",1935,142,-23.875,30.125
"Protea simplex",1955,125,-29.125,30.625
"Protea simplex",1956,143,-27.875,31.375
"Protea simplex",1969,131,-31.375,29.625
"Protea simplex",1971,121,-29.375,29.375
"Protea simplex",1978,143,-27.875,31.375
"Protea simplex",1978,146,-28.875,29.125
"Protea simplex",1945,91,-29.125,29.875
"Protea simplex",1955,118,-31.625,27.875
"Protea simplex",1904,64,-30.875,28.375
"Protea simplex",1926,68,-29.625,30.375
"Protea simplex",1926,71,-29.875,29.625
"Protea simplex",1944,65,-32.875,28.125
"Protea simplex",1949,68,-28.875,31.375
"Protea simplex",1949,69,-29.875,29.875
"Protea simplex",1953,65,-23.875,29.875
"Protea simplex",1955,72,-29.375,30.125
"Protea simplex",1955,80,-29.625,29.375
"Protea simplex",1957,74,-26.375,31.125
"Protea simplex",1957,60,-23.875,30.125
"Protea simplex",1962,74,-26.375,31.125
"Protea simplex",1962,86,-26.375,31.125
"Protea simplex",1985,64,-29.625,29.375
"Protea simplex",1989,65,-26.125,31.125
"Protea simplex",1910,58,-31.625,27.625
"Protea simplex",1929,33,-31.375,29.625
"Protea simplex",1939,42,-29.125,30.625
"Protea simplex",1956,38,-26.625,31.125
"Protea simplex",1956,38,-27.875,31.625
"Protea simplex",1958,52,-26.375,31.125
"Protea simplex",1963,37,-31.125,28.125
"Protea simplex",1982,33,-29.875,29.875
"Protea simplex",1996,40,-25.875,30.375
"Protea simplex",2000,47,-27.625,30.875
"Protea simplex",2000,42,-26.125,31.125
"Protea simplex",1905,1,-26.375,31.125
"Protea simplex",1906,8,-22.875,29.875
"Protea simplex",1935,15,-28.625,30.875
"Protea simplex",1950,18,-32.625,27.125
"Protea simplex",1956,11,-29.875,30.875
"Protea simplex",1957,27,-31.625,27.875
"Protea simplex",1957,12,-31.125,30.125
"Protea simplex",1965,25,-29.375,30.125
"Protea simplex",1975,27,-23.875,29.875
"Protea simplex",1990,20,-30.375,29.875
"Protea simplex",1996,21,-30.875,30.375
"Protea simplex",1998,27,-29.625,29.375
"Protea simplex",2005,11,-30.875,30.125
"Protea speciosa",1930,337,-34.625,20.125
"Protea speciosa",1939,351,-33.875,18.625
"Protea speciosa",1948,344,-34.125,18.375
"Protea speciosa",1953,342,-33.875,18.375
"Protea speciosa",1962,350,-34.375,20.625
"Protea speciosa",1929,313,-34.125,18.375
"Protea speciosa",1952,334,-34.375,19.875
"Protea speciosa",1962,328,-34.125,19.375
"Protea speciosa",1972,328,-34.125,19.125
"Protea speciosa",1972,321,-34.625,19.875
"Protea speciosa",1972,333,-34.125,19.125
"Protea speciosa",1974,311,-33.875,21.375
"Protea speciosa",1987,319,-33.875,21.625
"Protea speciosa",1937,283,-33.875,18.375
"Protea speciosa",1961,289,-34.125,20.125
"Protea speciosa",1961,277,-34.375,19.125
"Protea speciosa",1964,299,-33.875,18.375
"Protea speciosa",1965,286,-34.125,18.875
"Protea speciosa",1968,300,-34.375,19.125
"Protea speciosa",1968,300,-34.375,19.375
"Protea speciosa",1977,303,-34.375,19.625
"Protea speciosa",1980,275,-34.125,19.125
"Protea speciosa",1921,265,-34.125,18.875
"Protea speciosa",1932,261,-34.625,20.125
"Protea speciosa",1978,248,-34.375,20.625
"Protea speciosa",1979,247,-34.375,19.125
"Protea speciosa",1979,265,-34.375,20.625
"Protea speciosa",1927,225,-33.875,21.125
"Protea speciosa",1943,215,-33.875,20.875
"Protea speciosa",1953,228,-34.125,19.125
"Protea speciosa",1975,226,-34.125,19.625
"Protea speciosa",1977,229,-33.875,20.375
"Protea speciosa",1941,189,-34.375,20.625
"Protea speciosa",1943,210,-33.875,18.375
"Protea speciosa",1957,206,-33.875,21.125
"Protea speciosa",1960,187,-34.125,19.875
"Protea speciosa",1961,188,-34.375,18.875
"Protea speciosa",1970,190,-34.125,19.125
"Protea speciosa",1970,205,-34.375,18.875
"Protea speciosa",1974,207,-33.875,20.375
"Protea speciosa",1950,177,-33.625,19.625
"Protea speciosa",1952,166,-33.875,20.375
"Protea speciosa",1963,131,-33.875,20.375
"Protea speciosa",1963,131,-34.125,20.375
"Protea speciosa",1938,91,-34.125,22.375
"Protea speciosa",1974,103,-34.125,19.875
"Protea speciosa",1970,8,-34.125,19.125
"Protea speciosa",1970,14,-33.875,18.375
"Protea speciosa",1971,11,-34.375,19.625
"Protea speciosa",1976,12,-34.125,18.875
"Protea subulifolia",1967,362,-34.875,19.875
"Protea subulifolia",1980,339,-33.875,19.375
"Protea subulifolia",1993,343,-34.125,19.125
"Protea subulifolia",1991,319,-34.375,19.375
"Protea subulifolia",1960,279,-34.625,19.625
"Protea subulifolia",1963,291,-33.875,19.875
"Protea subulifolia",1965,301,-33.875,19.625
"Protea subulifolia",1971,292,-33.875,19.375
"Protea subulifolia",1989,293,-33.875,19.625
"Protea subulifolia",1943,247,-34.625,19.625
"Protea subulifolia",1959,259,-33.375,19.875
"Protea subulifolia",1962,256,-33.875,19.875
"Protea subulifolia",1965,268,-33.875,19.625
"Protea subulifolia",1978,266,-33.875,19.375
"Protea subulifolia",1992,251,-33.875,20.125
"Protea subulifolia",1953,229,-34.125,19.125
"Protea subulifolia",1953,215,-33.875,19.125
"Protea subulifolia",1958,242,-34.375,19.125
"Protea subulifolia",1960,228,-34.125,19.125
"Protea subulifolia",1960,228,-33.875,19.375
"Protea subulifolia",1963,213,-34.375,19.875
"Protea subulifolia",1968,235,-34.375,19.625
"Protea subulifolia",1969,236,-33.875,19.625
"Protea subulifolia",1970,239,-33.875,19.375
"Protea subulifolia",1978,218,-34.125,19.625
"Protea subulifolia",1984,219,-33.875,19.625
"Protea subulifolia",1984,219,-34.375,19.125
"Protea subulifolia",1984,219,-33.375,19.125
"Protea subulifolia",1984,219,-34.625,19.625
"Protea subulifolia",1984,219,-34.625,19.875
"Protea subulifolia",1984,220,-33.875,19.625
"Protea subulifolia",1986,228,-33.875,19.625
"Protea subulifolia",1986,228,-33.875,19.375
"Protea subulifolia",1922,209,-34.125,18.875
"Protea subulifolia",1963,205,-34.625,20.125
"Protea subulifolia",1963,205,-34.625,19.875
"Protea subulifolia",1964,209,-33.875,19.125
"Protea subulifolia",1976,197,-34.125,19.875
"Protea subulifolia",1993,184,-34.125,19.125
"Protea subulifolia",1961,176,-33.625,19.375
"Protea subulifolia",1963,169,-33.875,19.625
"Protea subulifolia",1966,174,-34.125,19.875
"Protea subulifolia",1963,129,-34.625,19.875
"Protea subulifolia",1963,129,-34.625,19.625
"Protea subulifolia",1963,129,-34.625,20.125
"Protea subulifolia",1964,138,-33.875,19.125
"Protea subulifolia",1968,133,-33.875,19.375
"Protea subulifolia",1978,137,-33.875,19.125
"Protea subulifolia",1960,107,-33.375,19.875
"Protea subulifolia",1960,106,-33.875,19.375
"Protea subulifolia",1979,100,-34.625,19.625
"Protea subulifolia",1978,76,-34.875,19.625
"Protea subulifolia",1978,76,-34.625,19.625
"Protea subulifolia",1961,54,-34.125,19.875
"Protea subulifolia",1983,47,-33.875,19.125
"Protea subulifolia",1956,9,-34.625,20.125
"Protea subulifolia",1979,14,-33.875,19.625
"Protea subvestita",1957,339,-28.625,31.125
"Protea subvestita",1957,339,-28.625,30.875
"Protea subvestita",1963,353,-28.375,28.625
"Protea subvestita",1965,335,-29.375,29.375
"Protea subvestita",1989,356,-30.625,29.625
"Protea subvestita",1945,314,-32.625,26.625
"Protea subvestita",1947,317,-32.875,27.375
"Protea subvestita",1980,328,-29.625,29.375
"Protea subvestita",1983,324,-29.875,29.125
"Protea subvestita",1994,328,-33.375,21.375
"Protea subvestita",1950,237,-28.625,29.375
"Protea subvestita",1960,222,-32.625,27.375
"Protea subvestita",1984,219,-32.625,27.375
"Protea subvestita",1942,186,-32.625,27.375
"Protea subvestita",1949,201,-32.625,25.625
"Protea subvestita",1955,195,-30.625,29.625
"Protea subvestita",1958,197,-29.125,29.375
"Protea subvestita",1958,191,-28.875,29.125
"Protea subvestita",1958,191,-29.125,29.375
"Protea subvestita",1965,192,-29.125,29.125
"Protea subvestita",1970,198,-29.875,31.125
"Protea subvestita",1985,188,-29.125,29.375
"Protea subvestita",1954,180,-29.375,30.125
"Protea subvestita",1957,164,-29.125,29.875
"Protea subvestita",1982,172,-29.625,29.375
"Protea subvestita",1943,128,-32.625,27.375
"Protea subvestita",1963,129,-32.625,27.125
"Protea subvestita",1971,121,-29.375,29.375
"Protea subvestita",1975,128,-29.625,29.375
"Protea subvestita",1991,122,-30.625,28.625
"Protea subvestita",1999,132,-33.625,24.125
"Protea subvestita",1953,113,-29.125,29.375
"Protea subvestita",1981,96,-28.375,29.125
"Protea subvestita",1904,64,-30.875,28.125
"Protea subvestita",1904,64,-31.125,28.375
"Protea subvestita",1938,67,-30.125,28.625
"Protea subvestita",1940,88,-28.625,30.875
"Protea subvestita",1954,78,-28.875,29.125
"Protea subvestita",1954,88,-28.875,29.125
"Protea subvestita",1965,83,-33.375,25.875
"Protea subvestita",1965,83,-29.875,29.125
"Protea subvestita",1968,78,-30.625,29.375
"Protea subvestita",1973,80,-29.125,29.875
"Protea subvestita",1976,70,-30.625,29.375
"Protea subvestita",1976,74,-32.625,27.375
"Protea subvestita",1993,72,-30.875,28.125
"Protea subvestita",1995,82,-33.375,21.375
"Protea subvestita",1932,56,-29.125,29.875
"Protea subvestita",1943,44,-32.625,26.875
"Protea subvestita",1946,53,-29.125,29.375
"Protea subvestita",1946,53,-28.875,29.625
"Protea subvestita",1962,58,-30.125,28.875
"Protea subvestita",1963,37,-31.125,28.125
"Protea subvestita",1973,42,-28.625,29.125
"Protea subvestita",1975,36,-30.375,28.875
"Protea subvestita",1982,36,-29.625,29.375
"Protea subvestita",1982,34,-29.625,29.125
"Protea subvestita",1983,43,-32.375,26.625
"Protea subvestita",1984,34,-29.875,29.375
"Protea subvestita",1988,34,-30.125,28.625
"Protea subvestita",1993,49,-31.125,28.125
"Protea subvestita",1994,35,-30.125,29.375
"Protea subvestita",1995,41,-33.375,21.375
"Protea subvestita",2000,50,-27.125,30.375
"Protea subvestita",1911,17,-32.625,27.125
"Protea subvestita",1911,17,-33.375,27.375
"Protea subvestita",1915,12,-29.375,29.375
"Protea subvestita",1927,6,-32.625,26.625
"Protea subvestita",1927,6,-32.375,26.625
"Protea subvestita",1936,28,-32.625,26.625
"Protea subvestita",1948,15,-32.625,27.125
"Protea subvestita",1950,12,-32.625,26.625
"Protea subvestita",1955,25,-28.625,28.875
"Protea subvestita",1958,20,-29.125,29.375
"Protea subvestita",1960,14,-30.875,28.375
"Protea subvestita",1964,15,-27.375,30.125
"Protea subvestita",1964,10,-31.625,27.875
"Protea subvestita",1966,26,-29.625,29.375
"Protea subvestita",1968,17,-29.625,29.625
"Protea subvestita",1973,15,-30.125,28.875
"Protea subvestita",1973,15,-29.875,29.125
"Protea subvestita",1977,18,-29.875,29.125
"Protea subvestita",1978,30,-29.875,29.125
"Protea subvestita",1980,17,-32.375,26.625
"Protea subvestita",1981,25,-29.625,29.375
"Protea subvestita",1983,16,-30.125,28.625
"Protea subvestita",1986,25,-30.125,28.625
"Protea subvestita",2002,3,-29.625,29.375
"Protea welwitschii",1905,336,-25.625,28.125
"Protea welwitschii",1905,363,-25.625,28.125
"Protea welwitschii",1920,346,-25.625,28.125
"Protea welwitschii",1928,344,-25.625,28.125
"Protea welwitschii",1930,342,-30.875,28.625
"Protea welwitschii",1931,361,-24.125,28.625
"Protea welwitschii",1934,364,-25.875,28.125
"Protea welwitschii",1934,357,-24.125,28.625
"Protea welwitschii",1948,362,-30.375,30.375
"Protea welwitschii",1954,364,-24.125,29.125
"Protea welwitschii",1957,357,-24.875,28.375
"Protea welwitschii",1962,346,-25.875,28.875
"Protea welwitschii",1962,346,-25.625,28.625
"Protea welwitschii",1970,362,-25.625,27.125
"Protea welwitschii",1974,352,-25.125,30.125
"Protea welwitschii",1978,358,-26.125,27.875
"Protea welwitschii",1997,336,-25.125,30.125
"Protea welwitschii",1926,328,-25.875,29.375
"Protea welwitschii",1930,307,-30.875,28.625
"Protea welwitschii",1940,311,-25.625,27.125
"Protea welwitschii",1949,316,-26.125,27.875
"Protea welwitschii",1949,316,-24.625,27.125
"Protea welwitschii",1952,316,-25.625,30.375
"Protea welwitschii",1952,315,-24.625,28.375
"Protea welwitschii",1973,314,-25.875,31.125
"Protea welwitschii",1905,265,-24.625,28.375
"Protea welwitschii",2006,272,-25.875,28.625
"Protea welwitschii",1957,233,-30.875,28.625
"Protea welwitschii",1959,241,-25.375,29.375
"Protea welwitschii",2009,182,-25.875,28.875
"Protea welwitschii",1928,162,-25.625,28.125
"Protea welwitschii",1972,165,-24.375,28.625
"Protea welwitschii",1905,144,-29.625,30.625
"Protea welwitschii",1928,148,-25.625,28.125
"Protea welwitschii",1936,148,-29.875,31.125
"Protea welwitschii",1936,142,-25.625,28.125
"Protea welwitschii",1952,142,-25.625,28.125
"Protea welwitschii",1955,125,-29.125,30.625
"Protea welwitschii",1971,136,-23.625,28.125
"Protea welwitschii",2003,149,-24.875,30.375
"Protea welwitschii",1924,95,-29.875,31.125
"Protea welwitschii",1933,98,-26.125,27.125
"Protea welwitschii",1969,117,-30.875,28.625
"Protea welwitschii",1969,116,-30.875,28.625
"Protea welwitschii",1970,94,-24.375,28.625
"Protea welwitschii",1973,97,-24.125,28.375
"Protea welwitschii",1986,94,-28.625,31.125
"Protea welwitschii",1986,93,-28.625,31.125
"Protea welwitschii",2004,92,-23.875,28.375
"Protea welwitschii",1903,89,-28.625,31.125
"Protea welwitschii",1926,68,-29.625,30.625
"Protea welwitschii",1936,86,-25.625,28.625
"Protea welwitschii",1939,82,-28.625,31.125
"Protea welwitschii",1951,70,-25.125,30.375
"Protea welwitschii",1954,71,-25.625,27.625
"Protea welwitschii",1968,67,-29.625,30.875
"Protea welwitschii",1972,67,-25.625,28.625
"Protea welwitschii",1976,67,-29.625,31.125
"Protea welwitschii",1985,63,-24.625,28.125
"Protea welwitschii",1928,53,-26.625,27.875
"Protea welwitschii",1928,53,-26.125,27.875
"Protea welwitschii",1931,35,-30.875,28.625
"Protea welwitschii",1945,46,-25.625,28.125
"Protea welwitschii",1953,37,-26.125,27.625
"Protea welwitschii",1957,55,-24.625,28.625
"Protea welwitschii",1968,33,-25.625,26.125
"Protea welwitschii",1972,36,-26.125,28.125
"Protea welwitschii",1972,49,-24.125,28.375
"Protea welwitschii",1972,48,-24.625,28.375
"Protea welwitschii",1974,33,-24.875,30.625
"Protea welwitschii",1975,33,-26.125,28.125
"Protea welwitschii",1982,38,-30.375,29.875
"Protea welwitschii",1983,53,-25.625,30.125
"Protea welwitschii",1905,25,-26.125,28.125
"Protea welwitschii",1909,3,-30.375,30.375
"Protea welwitschii",1928,27,-26.125,28.125
"Protea welwitschii",1928,9,-25.625,30.375
"Protea welwitschii",1939,11,-25.875,27.375
"Protea welwitschii",1946,14,-25.625,28.125
"Protea welwitschii",1947,17,-25.625,28.375
"Protea welwitschii",1950,2,-25.875,26.625
"Protea welwitschii",1952,18,-24.625,30.125
"Protea welwitschii",1952,19,-24.625,28.375
"Protea welwitschii",1952,6,-32.375,21.875
"Protea welwitschii",1953,29,-25.625,28.125
"Protea welwitschii",1953,6,-25.625,28.125
"Protea welwitschii",1953,6,-25.375,28.375
"Protea welwitschii",1953,29,-25.375,28.375
"Protea welwitschii",1954,3,-24.125,29.125
"Protea welwitschii",1956,20,-29.125,30.625
"Protea welwitschii",1959,6,-24.625,27.875
"Protea welwitschii",1959,6,-24.125,28.625
"Protea welwitschii",1960,7,-25.625,28.375
"Protea welwitschii",1960,7,-25.625,28.125
"Protea welwitschii",1962,24,-24.625,28.625
"Protea welwitschii",1962,24,-24.875,28.375
"Protea welwitschii",1967,8,-25.625,29.375
"Protea welwitschii",1968,15,-25.875,28.375
"Protea welwitschii",1968,15,-34.125,22.125
"Protea welwitschii",1972,29,-26.125,28.125
"Protea welwitschii",1972,29,-25.875,27.875
"Protea welwitschii",1974,27,-25.625,28.625
"Protea welwitschii",1975,26,-24.125,28.625
"Protea welwitschii",1975,26,-24.625,28.375
"Protea welwitschii",1978,8,-25.125,27.875
"Protea welwitschii",1979,10,-25.125,30.875
"Protea welwitschii",1979,5,-25.625,30.125
"Protea welwitschii",1984,25,-25.875,28.375
"Protea welwitschii",1985,25,-28.625,31.125
"Protea welwitschii",1986,11,-24.375,28.125
"Protea welwitschii",1987,13,-25.625,28.125
"Protea welwitschii",1992,29,-29.625,30.875
